File Name,Column Name,Column Order,Data Type,Missing Count,Missing Percentage,Total Rows
mov_gsflow_inline_23_24.csv,date,1,object,0,0.00%,17510
mov_gsflow_inline_23_24.csv,0103.MOV11A,2,float64,0,0.00%,17510
mov_gsflow_inline_23_24.csv,0104.MOV11A,3,float64,0,0.00%,17510
mov_gsflow_inline_23_24.csv,0104.MOV11B,4,float64,0,0.00%,17510
mov_gsflow_inline_23_24.csv,0104.MOV11C,5,float64,0,0.00%,17510
mov_gsflow_inline_23_24.csv,0104.MOV12A,6,float64,0,0.00%,17510
mov_gsflow_inline_23_24.csv,0104.MOV12B,7,float64,0,0.00%,17510
mov_gsflow_inline_23_24.csv,0104.MOV12C,8,float64,0,0.00%,17510
mov_gsflow_inline_23_24.csv,0104.MOV12D,9,float64,0,0.00%,17510
mov_gsflow_inline_23_24.csv,0104.MOV12E,10,float64,0,0.00%,17510
mov_gsflow_inline_23_24.csv,0105.MOV11A,11,float64,0,0.00%,17510
mov_gsflow_inline_23_24.csv,0107.MOV11A,12,float64,0,0.00%,17510
mov_gsflow_inline_23_24.csv,0107.MOV11B,13,float64,0,0.00%,17510
mov_gsflow_inline_23_24.csv,0107.MOV11C,14,float64,0,0.00%,17510
mov_gsflow_inline_23_24.csv,0107.MOV11G,15,float64,0,0.00%,17510
mov_gsflow_inline_23_24.csv,0107.MOV11H,16,float64,0,0.00%,17510
mov_gsflow_inline_23_24.csv,0107.MOV11I,17,float64,0,0.00%,17510
mov_gsflow_inline_23_24.csv,0108.MOV11A,18,float64,0,0.00%,17510
mov_gsflow_inline_23_24.csv,0109.MOV11A,19,float64,0,0.00%,17510
mov_gsflow_inline_23_24.csv,0109.MOV11D,20,float64,0,0.00%,17510
mov_gsflow_inline_23_24.csv,0110.MOV11A,21,float64,0,0.00%,17510
mov_gsflow_inline_23_24.csv,0112.MOV11A,22,float64,0,0.00%,17510
mov_gsflow_inline_23_24.csv,0115.MOV11A,23,float64,0,0.00%,17510
mov_gsflow_inline_23_24.csv,0115.MOV11B,24,float64,0,0.00%,17510
mov_gsflow_inline_23_24.csv,0115.MOV11C,25,float64,0,0.00%,17510
mov_gsflow_inline_23_24.csv,0116.MOV11A,26,float64,0,0.00%,17510
mov_gsflow_inline_23_24.csv,0116.MOV11B,27,float64,0,0.00%,17510
mov_gsflow_inline_23_24.csv,0116.MOV11C,28,float64,0,0.00%,17510
mov_gsflow_inline_23_24.csv,0117.MOV11A,29,float64,0,0.00%,17510
mov_gsflow_inline_23_24.csv,0117.MOV11B,30,float64,0,0.00%,17510
mov_gsflow_inline_23_24.csv,0117.MOV11C,31,float64,0,0.00%,17510
mov_gsflow_inline_23_24.csv,0118.MOV11A,32,float64,0,0.00%,17510
mov_gsflow_inline_23_24.csv,0118.MOV11AD,33,float64,0,0.00%,17510
mov_gsflow_inline_23_24.csv,0118.MOV11B,34,float64,0,0.00%,17510
mov_gsflow_inline_23_24.csv,0118.MOV11BD,35,float64,0,0.00%,17510
mov_gsflow_inline_23_24.csv,0118.MOV11C,36,float64,0,0.00%,17510
mov_gsflow_inline_23_24.csv,0118.MOV11CD,37,float64,0,0.00%,17510
mov_gsflow_inline_23_24.csv,0118.MOV11FD,38,float64,0,0.00%,17510
mov_gsflow_inline_23_24.csv,0118.MOV12AD,39,float64,0,0.00%,17510
mov_gsflow_inline_23_24.csv,0118.MOV12DD,40,float64,0,0.00%,17510
mov_gsflow_inline_23_24.csv,0119.MOV11A,41,float64,0,0.00%,17510
mov_gsflow_inline_23_24.csv,0119.MOV11B,42,float64,0,0.00%,17510
mov_gsflow_inline_23_24.csv,0119.MOV11BD,43,float64,0,0.00%,17510
mov_gsflow_inline_23_24.csv,0119.MOV11C,44,float64,0,0.00%,17510
mov_gsflow_inline_23_24.csv,0119.MOV11CD,45,float64,0,0.00%,17510
mov_gsflow_inline_23_24.csv,0119.MOV11DD,46,float64,0,0.00%,17510
mov_gsflow_inline_23_24.csv,0119.MOV11E,47,float64,0,0.00%,17510
mov_gsflow_inline_23_24.csv,0119.MOV11F,48,float64,0,0.00%,17510
mov_gsflow_inline_23_24.csv,0119.MOV11FD,49,float64,0,0.00%,17510
mov_gsflow_inline_23_24.csv,0119.MOV12A,50,float64,0,0.00%,17510
mov_gsflow_inline_23_24.csv,0119.MOV41I,51,float64,0,0.00%,17510
mov_gsflow_inline_23_24.csv,0120.MOV11A,52,float64,0,0.00%,17510
mov_gsflow_inline_23_24.csv,0121.MOV11A,53,float64,0,0.00%,17510
mov_gsflow_inline_23_24.csv,0121.MOV11B,54,float64,0,0.00%,17510
mov_gsflow_inline_23_24.csv,0121.MOV11C,55,float64,0,0.00%,17510
mov_gsflow_inline_23_24.csv,0121.MOV11D,56,float64,0,0.00%,17510
mov_gsflow_inline_23_24.csv,0121.MOV11E,57,float64,0,0.00%,17510
mov_gsflow_inline_23_24.csv,0121.MOV12A,58,float64,0,0.00%,17510
mov_gsflow_inline_23_24.csv,0122.MOV11A,59,float64,0,0.00%,17510
mov_gsflow_inline_23_24.csv,0123.MOV11A,60,float64,0,0.00%,17510
mov_gsflow_inline_23_24.csv,0123.MOV11B,61,float64,0,0.00%,17510
mov_gsflow_inline_23_24.csv,0123.MOV11C,62,float64,0,0.00%,17510
mov_gsflow_inline_23_24.csv,0123.MOV11H,63,float64,0,0.00%,17510
mov_gsflow_inline_23_24.csv,0123.MOV11I,64,float64,0,0.00%,17510
mov_gsflow_inline_23_24.csv,0123.MOV41M,65,float64,0,0.00%,17510
mov_gsflow_inline_23_24.csv,0124.MOV11A,66,float64,0,0.00%,17510
mov_gsflow_inline_23_24.csv,0124.MOV11B,67,float64,0,0.00%,17510
mov_gsflow_inline_23_24.csv,0124.MOV11C,68,float64,0,0.00%,17510
mov_gsflow_inline_23_24.csv,0124.MOV11D,69,float64,0,0.00%,17510
mov_gsflow_inline_23_24.csv,0124.MOV12A,70,float64,0,0.00%,17510
mov_gsflow_inline_23_24.csv,0126.MOV11A,71,float64,0,0.00%,17510
mov_gsflow_inline_23_24.csv,0127.MOV11A,72,float64,0,0.00%,17510
mov_gsflow_inline_23_24.csv,0128.MOV11A,73,float64,0,0.00%,17510
mov_gsflow_inline_23_24.csv,0128.MOV11B,74,float64,0,0.00%,17510
mov_gsflow_inline_23_24.csv,0128.MOV11C,75,float64,0,0.00%,17510
mov_gsflow_inline_23_24.csv,0129.MOV11A,76,float64,0,0.00%,17510
mov_gsflow_inline_23_24.csv,0130.MOV11A,77,float64,0,0.00%,17510
mov_gsflow_inline_23_24.csv,0131.MOV11A,78,float64,0,0.00%,17510
mov_gsflow_inline_23_24.csv,0132.MOV11A,79,float64,0,0.00%,17510
mov_gsflow_inline_23_24.csv,0132.MOV11B,80,float64,0,0.00%,17510
mov_gsflow_inline_23_24.csv,0133.MOV11A,81,float64,0,0.00%,17510
mov_gsflow_inline_23_24.csv,0134.MOV11A,82,float64,0,0.00%,17510
mov_gsflow_inline_23_24.csv,0135.MOV11A,83,float64,0,0.00%,17510
mov_gsflow_inline_23_24.csv,0136.MOV11A,84,float64,0,0.00%,17510
mov_gsflow_inline_23_24.csv,0137.MOV11A,85,float64,0,0.00%,17510
mov_gsflow_inline_23_24.csv,0137.MOV11B,86,float64,0,0.00%,17510
mov_gsflow_inline_23_24.csv,0137.MOV11C,87,float64,0,0.00%,17510
mov_gsflow_inline_23_24.csv,0138.MOV11A,88,float64,0,0.00%,17510
mov_gsflow_inline_23_24.csv,0139.MOV11A,89,float64,0,0.00%,17510
mov_gsflow_inline_23_24.csv,0140.MOV11A,90,float64,0,0.00%,17510
mov_gsflow_inline_23_24.csv,0141.MOV11A,91,float64,0,0.00%,17510
mov_gsflow_inline_23_24.csv,0141.MOV11B,92,float64,0,0.00%,17510
mov_gsflow_inline_23_24.csv,0141.MOV11C,93,float64,0,0.00%,17510
mov_gsflow_inline_23_24.csv,0143.MOV11A,94,float64,0,0.00%,17510
mov_gsflow_inline_23_24.csv,0144.MOV11A,95,float64,0,0.00%,17510
mov_gsflow_inline_23_24.csv,0144.MOV11B,96,float64,0,0.00%,17510
mov_gsflow_inline_23_24.csv,0144.MOV11C,97,float64,0,0.00%,17510
mov_gsflow_inline_23_24.csv,0147.MOV11A,98,float64,0,0.00%,17510
mov_gsflow_inline_23_24.csv,0148.MOV11A,99,float64,0,0.00%,17510
mov_gsflow_inline_23_24.csv,0201.MOV11A,100,float64,0,0.00%,17510
mov_gsflow_inline_23_24.csv,0201.MOV11B,101,float64,0,0.00%,17510
mov_gsflow_inline_23_24.csv,0201.MOV11C,102,float64,0,0.00%,17510
mov_gsflow_inline_23_24.csv,0201.MOV11D,103,float64,0,0.00%,17510
mov_gsflow_inline_23_24.csv,0201.MOV11E,104,float64,0,0.00%,17510
mov_gsflow_inline_23_24.csv,0202.MOV11A,105,float64,0,0.00%,17510
mov_gsflow_inline_23_24.csv,0202.MOV11B,106,float64,0,0.00%,17510
mov_gsflow_inline_23_24.csv,0202.MOV11C,107,float64,0,0.00%,17510
mov_gsflow_inline_23_24.csv,0203.MOV11A,108,float64,0,0.00%,17510
mov_gsflow_inline_23_24.csv,0203.MOV11AD,109,float64,0,0.00%,17510
mov_gsflow_inline_23_24.csv,0203.MOV11B,110,float64,0,0.00%,17510
mov_gsflow_inline_23_24.csv,0203.MOV11BD,111,float64,0,0.00%,17510
mov_gsflow_inline_23_24.csv,0203.MOV11C,112,float64,0,0.00%,17510
mov_gsflow_inline_23_24.csv,0203.MOV11E,113,float64,0,0.00%,17510
mov_gsflow_inline_23_24.csv,0203.MOV12B,114,float64,0,0.00%,17510
mov_gsflow_inline_23_24.csv,0203.MOV12C,115,float64,0,0.00%,17510
mov_gsflow_inline_23_24.csv,0203.MOV16AD,116,float64,0,0.00%,17510
mov_gsflow_inline_23_24.csv,0204.MOV11A,117,float64,0,0.00%,17510
mov_gsflow_inline_23_24.csv,0204.MOV11B,118,float64,0,0.00%,17510
mov_gsflow_inline_23_24.csv,0204.MOV11C,119,float64,0,0.00%,17510
mov_gsflow_inline_23_24.csv,0210.MOV11A,120,float64,0,0.00%,17510
mov_gsflow_inline_23_24.csv,0210.MOV11B,121,float64,0,0.00%,17510
mov_gsflow_inline_23_24.csv,0210.MOV11C,122,float64,0,0.00%,17510
mov_gsflow_inline_23_24.csv,0210.MOV11D,123,float64,0,0.00%,17510
mov_gsflow_inline_23_24.csv,0210.MOV11G,124,float64,0,0.00%,17510
mov_gsflow_inline_23_24.csv,0210.MOV21M,125,float64,0,0.00%,17510
mov_gsflow_inline_23_24.csv,0211.MOV11A,126,float64,0,0.00%,17510
mov_gsflow_inline_23_24.csv,0211.MOV11B,127,float64,0,0.00%,17510
mov_gsflow_inline_23_24.csv,0211.MOV11C,128,float64,0,0.00%,17510
mov_gsflow_inline_23_24.csv,0211.MOV11F,129,float64,0,0.00%,17510
mov_gsflow_inline_23_24.csv,0211.MOV12B,130,float64,0,0.00%,17510
mov_gsflow_inline_23_24.csv,0211.MOV12C,131,float64,0,0.00%,17510
mov_gsflow_inline_23_24.csv,0212.MOV11A,132,float64,0,0.00%,17510
mov_gsflow_inline_23_24.csv,0212.MOV11B,133,float64,0,0.00%,17510
mov_gsflow_inline_23_24.csv,0212.MOV11C,134,float64,0,0.00%,17510
mov_gsflow_inline_23_24.csv,0212.MOV11E,135,float64,0,0.00%,17510
mov_gsflow_inline_23_24.csv,0212.MOV11F,136,float64,0,0.00%,17510
mov_gsflow_inline_23_24.csv,0213.MOV11A,137,float64,0,0.00%,17510
mov_gsflow_inline_23_24.csv,0213.MOV11AD,138,float64,0,0.00%,17510
mov_gsflow_inline_23_24.csv,0213.MOV11BD,139,float64,0,0.00%,17510
mov_gsflow_inline_23_24.csv,0213.MOV11C,140,float64,0,0.00%,17510
mov_gsflow_inline_23_24.csv,0213.MOV11CD,141,float64,0,0.00%,17510
mov_gsflow_inline_23_24.csv,0213.MOV12A,142,float64,0,0.00%,17510
mov_gsflow_inline_23_24.csv,0214.MOV11A,143,float64,0,0.00%,17510
mov_gsflow_inline_23_24.csv,0214.MOV11B,144,float64,0,0.00%,17510
mov_gsflow_inline_23_24.csv,0214.MOV11C,145,float64,0,0.00%,17510
mov_gsflow_inline_23_24.csv,0215.MOV11A,146,float64,0,0.00%,17510
mov_gsflow_inline_23_24.csv,0215.MOV11C,147,float64,0,0.00%,17510
mov_gsflow_inline_23_24.csv,0215.MOV11D,148,float64,0,0.00%,17510
mov_gsflow_inline_23_24.csv,0216.MOV11A,149,float64,0,0.00%,17510
mov_gsflow_inline_23_24.csv,0216.MOV11B,150,float64,0,0.00%,17510
mov_gsflow_inline_23_24.csv,0216.MOV11C,151,float64,0,0.00%,17510
mov_gsflow_inline_23_24.csv,0217.MOV11A,152,float64,0,0.00%,17510
mov_gsflow_inline_23_24.csv,0226.MOV11C,153,float64,0,0.00%,17510
mov_gsflow_inline_23_24.csv,0226.MOV61Z,154,float64,0,0.00%,17510
mov_gsflow_inline_23_24.csv,0227.MOV11A,155,float64,0,0.00%,17510
mov_gsflow_inline_23_24.csv,0227.MOV11B,156,float64,0,0.00%,17510
mov_gsflow_inline_23_24.csv,0227.MOV11C,157,float64,0,0.00%,17510
mov_gsflow_inline_23_24.csv,0228.MOV11A,158,float64,0,0.00%,17510
mov_gsflow_inline_23_24.csv,0233.MOV11A,159,float64,0,0.00%,17510
mov_gsflow_inline_23_24.csv,0234.MOV11A,160,float64,0,0.00%,17510
mov_gsflow_inline_23_24.csv,0234.MOV12A,161,float64,0,0.00%,17510
mov_gsflow_inline_23_24.csv,0234.MOV13A,162,float64,0,0.00%,17510
mov_gsflow_inline_23_24.csv,0235.MOV11A,163,float64,0,0.00%,17510
mov_gsflow_inline_23_24.csv,0236.MOV11A,164,float64,0,0.00%,17510
mov_gsflow_inline_23_24.csv,0237.MOV11A,165,float64,0,0.00%,17510
mov_gsflow_inline_23_24.csv,0238.MOV11A,166,float64,0,0.00%,17510
mov_gsflow_inline_23_24.csv,0239.MOV11A,167,float64,0,0.00%,17510
mov_gsflow_inline_23_24.csv,0241.MOV11A,168,float64,0,0.00%,17510
mov_gsflow_inline_23_24.csv,0241.MOV11B,169,float64,0,0.00%,17510
mov_gsflow_inline_23_24.csv,0241.MOV11C,170,float64,0,0.00%,17510
mov_gsflow_inline_23_24.csv,0242.MOV11A,171,float64,0,0.00%,17510
mov_gsflow_inline_23_24.csv,0243.MOV11A,172,float64,0,0.00%,17510
mov_gsflow_inline_23_24.csv,0243.MOV11B,173,float64,0,0.00%,17510
mov_gsflow_inline_23_24.csv,0243.MOV11C,174,float64,0,0.00%,17510
mov_gsflow_inline_23_24.csv,0243.MOV11F,175,float64,0,0.00%,17510
mov_gsflow_inline_23_24.csv,0243.MOV11H,176,float64,0,0.00%,17510
mov_gsflow_inline_23_24.csv,0244.MOV11A,177,float64,0,0.00%,17510
mov_gsflow_inline_23_24.csv,0245.MOV11A,178,float64,0,0.00%,17510
mov_gsflow_inline_23_24.csv,0246.MOV11A,179,float64,0,0.00%,17510
mov_gsflow_inline_23_24.csv,0247.MOV11A,180,float64,0,0.00%,17510
mov_gsflow_inline_23_24.csv,0247.MOV11B,181,float64,0,0.00%,17510
mov_gsflow_inline_23_24.csv,0247.MOV11C,182,float64,0,0.00%,17510
mov_gsflow_inline_23_24.csv,0247.MOV11E,183,float64,0,0.00%,17510
mov_gsflow_inline_23_24.csv,0247.MOV11F,184,float64,0,0.00%,17510
mov_gsflow_inline_23_24.csv,0248.MOV11A,185,float64,0,0.00%,17510
mov_gsflow_inline_23_24.csv,0249.MOV11A,186,float64,0,0.00%,17510
mov_gsflow_inline_23_24.csv,0250.MOV11A,187,float64,0,0.00%,17510
mov_gsflow_inline_23_24.csv,0251.MOV11A,188,float64,0,0.00%,17510
mov_gsflow_inline_23_24.csv,0252.MOV11A,189,float64,0,0.00%,17510
mov_gsflow_inline_23_24.csv,0253.MOV11A,190,float64,0,0.00%,17510
mov_gsflow_inline_23_24.csv,0253.MOV11B,191,float64,0,0.00%,17510
mov_gsflow_inline_23_24.csv,0253.MOV11C,192,float64,0,0.00%,17510
mov_gsflow_inline_23_24.csv,0254.MOV11A,193,float64,0,0.00%,17510
mov_gsflow_inline_23_24.csv,0255.MOV11A,194,float64,0,0.00%,17510
mov_gsflow_inline_23_24.csv,0256.MOV11A,195,float64,0,0.00%,17510
mov_gsflow_inline_23_24.csv,0257.MOV11A,196,float64,0,0.00%,17510
mov_gsflow_inline_23_24.csv,0265.MOV11A,197,float64,0,0.00%,17510
mov_gsflow_inline_23_24.csv,0266.MOV11A,198,float64,0,0.00%,17510
mov_gsflow_inline_23_24.csv,0266.MOV11B,199,float64,0,0.00%,17510
mov_gsflow_inline_23_24.csv,0266.MOV11C,200,float64,0,0.00%,17510
mov_gsflow_inline_23_24.csv,0267.MOV11A,201,float64,0,0.00%,17510
mov_gsflow_inline_23_24.csv,0267.MOV11B,202,float64,0,0.00%,17510
mov_gsflow_inline_23_24.csv,0267.MOV11C,203,float64,0,0.00%,17510
mov_gsflow_inline_23_24.csv,0267.MOV11E,204,float64,0,0.00%,17510
mov_gsflow_inline_23_24.csv,0267.MOV12E,205,float64,0,0.00%,17510
mov_gsflow_inline_23_24.csv,0268.MOV11A,206,float64,0,0.00%,17510
mov_gsflow_inline_23_24.csv,0268.MOV11B,207,float64,0,0.00%,17510
mov_gsflow_inline_23_24.csv,0268.MOV11C,208,float64,0,0.00%,17510
mov_gsflow_inline_23_24.csv,0292.MOV11A,209,float64,0,0.00%,17510
mov_gsflow_inline_23_24.csv,0292.MOV11B,210,float64,0,0.00%,17510
mov_gsflow_inline_23_24.csv,0292.MOV11C,211,float64,0,0.00%,17510
mov_gsflow_inline_23_24.csv,0301.MOV11A,212,float64,0,0.00%,17510
mov_gsflow_inline_23_24.csv,0302.MOV11A,213,float64,0,0.00%,17510
mov_gsflow_inline_23_24.csv,0302.MOV11B,214,float64,0,0.00%,17510
mov_gsflow_inline_23_24.csv,0302.MOV11C,215,float64,0,0.00%,17510
mov_gsflow_inline_23_24.csv,0302.MOV11E,216,float64,0,0.00%,17510
mov_gsflow_inline_23_24.csv,0302.MOV11F,217,float64,0,0.00%,17510
mov_gsflow_inline_23_24.csv,0303.MOV11A,218,float64,0,0.00%,17510
mov_gsflow_inline_23_24.csv,0303.MOV11B,219,float64,0,0.00%,17510
mov_gsflow_inline_23_24.csv,0303.MOV11C,220,float64,0,0.00%,17510
mov_gsflow_inline_23_24.csv,0304.MOV11A,221,float64,0,0.00%,17510
mov_gsflow_inline_23_24.csv,0305.MOV11A,222,float64,0,0.00%,17510
mov_gsflow_inline_23_24.csv,0305.MOV11B,223,float64,0,0.00%,17510
mov_gsflow_inline_23_24.csv,0305.MOV11C,224,float64,0,0.00%,17510
mov_gsflow_inline_23_24.csv,0306.MOV11A,225,float64,0,0.00%,17510
mov_gsflow_inline_23_24.csv,0307.MOV11C,226,float64,0,0.00%,17510
mov_gsflow_inline_23_24.csv,0310.MOV11A,227,float64,0,0.00%,17510
mov_gsflow_inline_23_24.csv,0310.MOV11C,228,float64,0,0.00%,17510
mov_gsflow_inline_23_24.csv,0310.MOV11D,229,float64,0,0.00%,17510
mov_gsflow_inline_23_24.csv,0311.MOV11A,230,float64,0,0.00%,17510
mov_gsflow_inline_23_24.csv,0311.MOV11B,231,float64,0,0.00%,17510
mov_gsflow_inline_23_24.csv,0311.MOV11C,232,float64,0,0.00%,17510
mov_gsflow_inline_23_24.csv,0312.MOV11A,233,float64,0,0.00%,17510
mov_gsflow_inline_23_24.csv,0312.MOV11B,234,float64,0,0.00%,17510
mov_gsflow_inline_23_24.csv,0312.MOV11C,235,float64,0,0.00%,17510
mov_gsflow_inline_23_24.csv,0313.MOV11A,236,float64,0,0.00%,17510
mov_gsflow_inline_23_24.csv,0314.MOV11A,237,float64,0,0.00%,17510
mov_gsflow_inline_23_24.csv,0314.MOV11B,238,float64,0,0.00%,17510
mov_gsflow_inline_23_24.csv,0314.MOV11C,239,float64,0,0.00%,17510
mov_gsflow_inline_23_24.csv,0315.MOV11A,240,float64,0,0.00%,17510
mov_gsflow_inline_23_24.csv,0316.MOV11A,241,float64,0,0.00%,17510
mov_gsflow_inline_23_24.csv,0318.MOV11A,242,float64,0,0.00%,17510
mov_gsflow_inline_23_24.csv,0318.MOV11B,243,float64,0,0.00%,17510
mov_gsflow_inline_23_24.csv,0318.MOV11C,244,float64,0,0.00%,17510
mov_gsflow_inline_23_24.csv,0318.MOV62M,245,float64,0,0.00%,17510
mov_gsflow_inline_23_24.csv,0319.MOV11A,246,float64,0,0.00%,17510
mov_gsflow_inline_23_24.csv,0319.MOV11B,247,float64,0,0.00%,17510
mov_gsflow_inline_23_24.csv,0319.MOV11C,248,float64,0,0.00%,17510
mov_gsflow_inline_23_24.csv,0319.MOV62M,249,float64,0,0.00%,17510
mov_gsflow_inline_23_24.csv,0320.MOV11A,250,float64,0,0.00%,17510
mov_gsflow_inline_23_24.csv,0322.MOV11A,251,float64,0,0.00%,17510
mov_gsflow_inline_23_24.csv,0323.MOV11A,252,float64,0,0.00%,17510
mov_gsflow_inline_23_24.csv,0325.MOV11A,253,float64,0,0.00%,17510
mov_gsflow_inline_23_24.csv,0326.MOV11A,254,float64,0,0.00%,17510
mov_gsflow_inline_23_24.csv,0327.MOV11A,255,float64,0,0.00%,17510
mov_gsflow_inline_23_24.csv,0328.MOV11A,256,float64,0,0.00%,17510
mov_gsflow_inline_23_24.csv,0328.MOV11B,257,float64,0,0.00%,17510
mov_gsflow_inline_23_24.csv,0328.MOV11C,258,float64,0,0.00%,17510
mov_gsflow_inline_23_24.csv,0330.MOV11A,259,float64,0,0.00%,17510
mov_gsflow_inline_23_24.csv,0331.MOV11A,260,float64,0,0.00%,17510
mov_gsflow_inline_23_24.csv,0332.MOV11A,261,float64,0,0.00%,17510
mov_gsflow_inline_23_24.csv,0333.MOV11A,262,float64,0,0.00%,17510
mov_gsflow_inline_23_24.csv,0334.MOV11A,263,float64,0,0.00%,17510
mov_gsflow_inline_23_24.csv,0334.MOV11B,264,float64,0,0.00%,17510
mov_gsflow_inline_23_24.csv,0334.MOV11C,265,float64,0,0.00%,17510
mov_gsflow_inline_23_24.csv,0335.MOV11A,266,float64,0,0.00%,17510
mov_gsflow_inline_23_24.csv,0336.MOV11A,267,float64,0,0.00%,17510
mov_gsflow_inline_23_24.csv,0337.MOV11A,268,float64,0,0.00%,17510
mov_gsflow_inline_23_24.csv,0338.MOV11A,269,float64,0,0.00%,17510
mov_gsflow_inline_23_24.csv,0338.MOV11B,270,float64,0,0.00%,17510
mov_gsflow_inline_23_24.csv,0338.MOV11C,271,float64,0,0.00%,17510
mov_gsflow_inline_23_24.csv,0401.MOV11A,272,float64,0,0.00%,17510
mov_gsflow_inline_23_24.csv,0401.MOV11B,273,float64,0,0.00%,17510
mov_gsflow_inline_23_24.csv,0401.MOV11C,274,float64,0,0.00%,17510
mov_gsflow_inline_23_24.csv,0402.MOV11A,275,float64,0,0.00%,17510
mov_gsflow_inline_23_24.csv,0403.MOV11A,276,float64,0,0.00%,17510
mov_gsflow_inline_23_24.csv,0403.MOV11B,277,float64,0,0.00%,17510
mov_gsflow_inline_23_24.csv,0403.MOV11C,278,float64,0,0.00%,17510
mov_gsflow_inline_23_24.csv,0404.MOV11A,279,float64,0,0.00%,17510
mov_gsflow_inline_23_24.csv,0404.MOV11B,280,float64,0,0.00%,17510
mov_gsflow_inline_23_24.csv,0404.MOV11C,281,float64,0,0.00%,17510
mov_gsflow_inline_23_24.csv,0404.MOV11E,282,float64,0,0.00%,17510
mov_gsflow_inline_23_24.csv,0405.MOV11A,283,float64,0,0.00%,17510
mov_gsflow_inline_23_24.csv,0405.MOV11C,284,float64,0,0.00%,17510
mov_gsflow_inline_23_24.csv,0405.MOV11D,285,float64,0,0.00%,17510
mov_gsflow_inline_23_24.csv,0405.MOV11F,286,float64,0,0.00%,17510
mov_gsflow_inline_23_24.csv,0405.MOV11G,287,float64,0,0.00%,17510
mov_gsflow_inline_23_24.csv,0407.MOV11A,288,float64,0,0.00%,17510
mov_gsflow_inline_23_24.csv,0408.MOV11A,289,float64,0,0.00%,17510
mov_gsflow_inline_23_24.csv,0408.MOV11B,290,float64,0,0.00%,17510
mov_gsflow_inline_23_24.csv,0408.MOV11C,291,float64,0,0.00%,17510
mov_gsflow_inline_23_24.csv,0408.MOV11E,292,float64,0,0.00%,17510
mov_gsflow_inline_23_24.csv,0408.MOV11F,293,float64,0,0.00%,17510
mov_gsflow_inline_23_24.csv,0409.MOV11A,294,float64,0,0.00%,17510
mov_gsflow_inline_23_24.csv,0410.MOV11A,295,float64,0,0.00%,17510
mov_gsflow_inline_23_24.csv,0410.MOV11B,296,float64,0,0.00%,17510
mov_gsflow_inline_23_24.csv,0410.MOV11C,297,float64,0,0.00%,17510
mov_gsflow_inline_23_24.csv,0410.MOV11E,298,float64,0,0.00%,17510
mov_gsflow_inline_23_24.csv,0411.MOV11A,299,float64,0,0.00%,17510
mov_gsflow_inline_23_24.csv,0411.MOV11B,300,float64,0,0.00%,17510
mov_gsflow_inline_23_24.csv,0411.MOV11C,301,float64,0,0.00%,17510
mov_gsflow_inline_23_24.csv,0411.MOV11F,302,float64,0,0.00%,17510
mov_gsflow_inline_23_24.csv,0415.MOV11A,303,float64,0,0.00%,17510
mov_gsflow_inline_23_24.csv,0415.MOV11B,304,float64,0,0.00%,17510
mov_gsflow_inline_23_24.csv,0415.MOV11C,305,float64,0,0.00%,17510
mov_gsflow_inline_23_24.csv,0415.MOV11E,306,float64,0,0.00%,17510
mov_gsflow_inline_23_24.csv,0415.MOV11F,307,float64,0,0.00%,17510
mov_gsflow_inline_23_24.csv,0416.MOV11A,308,float64,0,0.00%,17510
mov_gsflow_inline_23_24.csv,0417.MOV11A,309,float64,0,0.00%,17510
mov_gsflow_inline_23_24.csv,0418.MOV11A,310,float64,0,0.00%,17510
mov_gsflow_inline_23_24.csv,0418.MOV11B,311,float64,0,0.00%,17510
mov_gsflow_inline_23_24.csv,0418.MOV11C,312,float64,0,0.00%,17510
mov_gsflow_inline_23_24.csv,0419.MOV11A,313,float64,0,0.00%,17510
mov_gsflow_inline_23_24.csv,0419.MOV11E,314,float64,0,0.00%,17510
mov_gsflow_inline_23_24.csv,0419.MOV11F,315,float64,0,0.00%,17510
mov_gsflow_inline_23_24.csv,0420.MOV11A,316,float64,0,0.00%,17510
mov_gsflow_inline_23_24.csv,0420.MOV11B,317,float64,0,0.00%,17510
mov_gsflow_inline_23_24.csv,0420.MOV11C,318,float64,0,0.00%,17510
mov_gsflow_inline_23_24.csv,0421.MOV11A,319,float64,0,0.00%,17510
mov_gsflow_inline_23_24.csv,0422.MOV11A,320,float64,0,0.00%,17510
mov_gsflow_inline_23_24.csv,0423.MOV11A,321,float64,0,0.00%,17510
mov_gsflow_inline_23_24.csv,0424.MOV11A,322,float64,0,0.00%,17510
mov_gsflow_inline_23_24.csv,0424.MOV11B,323,float64,0,0.00%,17510
mov_gsflow_inline_23_24.csv,0424.MOV11C,324,float64,0,0.00%,17510
mov_gsflow_inline_23_24.csv,0425.MOV11A,325,float64,0,0.00%,17510
mov_gsflow_inline_23_24.csv,0426.MOV11A,326,float64,0,0.00%,17510
mov_gsflow_inline_23_24.csv,0427.MOV11A,327,float64,0,0.00%,17510
mov_gsflow_inline_23_24.csv,0428.MOV11A,328,float64,0,0.00%,17510
mov_gsflow_inline_23_24.csv,0428.MOV11B,329,float64,0,0.00%,17510
mov_gsflow_inline_23_24.csv,0428.MOV11C,330,float64,0,0.00%,17510
mov_gsflow_inline_23_24.csv,0429.MOV11A,331,float64,0,0.00%,17510
mov_gsflow_inline_23_24.csv,0430.MOV11A,332,float64,0,0.00%,17510
mov_gsflow_inline_23_24.csv,0431.MOV11A,333,float64,0,0.00%,17510
mov_gsflow_inline_23_24.csv,0432.MOV11A,334,float64,0,0.00%,17510
mov_gsflow_inline_23_24.csv,0432.MOV11B,335,float64,0,0.00%,17510
mov_gsflow_inline_23_24.csv,0432.MOV11C,336,float64,0,0.00%,17510
mov_gsflow_inline_23_24.csv,0433.MOV11A,337,float64,0,0.00%,17510
mov_gsflow_inline_23_24.csv,0434.MOV11A,338,float64,0,0.00%,17510
mov_gsflow_inline_23_24.csv,0435.MOV11A,339,float64,0,0.00%,17510
mov_gsflow_inline_23_24.csv,0435.MOV11B,340,float64,0,0.00%,17510
mov_gsflow_inline_23_24.csv,0435.MOV11C,341,float64,0,0.00%,17510
mov_gsflow_inline_23_24.csv,0436.MOV11A,342,float64,0,0.00%,17510
mov_gsflow_inline_23_24.csv,0437.MOV11A,343,float64,0,0.00%,17510
mov_gsflow_inline_23_24.csv,0438.MOV11A,344,float64,0,0.00%,17510
mov_gsflow_inline_23_24.csv,0439.MOV11A,345,float64,0,0.00%,17510
mov_gsflow_inline_23_24.csv,0440.MOV11A,346,float64,0,0.00%,17510
mov_gsflow_inline_23_24.csv,0441.MOV11A,347,float64,0,0.00%,17510
mov_gsflow_inline_23_24.csv,0442.MOV11A,348,float64,0,0.00%,17510
mov_gsflow_inline_23_24.csv,0442.MOV11B,349,float64,0,0.00%,17510
mov_gsflow_inline_23_24.csv,0442.MOV11C,350,float64,0,0.00%,17510
mov_gsflow_inline_23_24.csv,0443.MOV11A,351,float64,0,0.00%,17510
mov_gsflow_inline_23_24.csv,0443.MOV11B,352,float64,0,0.00%,17510
mov_gsflow_inline_23_24.csv,0443.MOV11C,353,float64,0,0.00%,17510
mov_gsflow_inline_23_24.csv,0444.MOV11A,354,float64,0,0.00%,17510
mov_gsflow_inline_23_24.csv,0444.MOV11B,355,float64,0,0.00%,17510
mov_gsflow_inline_23_24.csv,0444.MOV11C,356,float64,0,0.00%,17510
mov_gsflow_inline_23_24.csv,0444.MOV11D,357,float64,0,0.00%,17510
mov_gsflow_inline_23_24.csv,0445.MOV11A,358,float64,0,0.00%,17510
mov_gsflow_inline_23_24.csv,0446.MOV11A,359,float64,0,0.00%,17510
mov_gsflow_inline_23_24.csv,0446.MOV11B,360,float64,0,0.00%,17510
mov_gsflow_inline_23_24.csv,0446.MOV11C,361,float64,0,0.00%,17510
mov_gsflow_inline_23_24.csv,0448.MOV11A,362,float64,0,0.00%,17510
mov_gsflow_inline_23_24.csv,0449.MOV11A,363,float64,0,0.00%,17510
mov_gsflow_inline_23_24.csv,0449.MOV11B,364,float64,0,0.00%,17510
mov_gsflow_inline_23_24.csv,0449.MOV11C,365,float64,0,0.00%,17510
mov_gsflow_inline_23_24.csv,0450.MOV11A,366,float64,0,0.00%,17510
mov_gsflow_inline_23_24.csv,0451.MOV11A,367,float64,0,0.00%,17510
mov_gsflow_inline_23_24.csv,0452.MOV11A,368,float64,0,0.00%,17510
mov_gsflow_inline_23_24.csv,0453.MOV11A,369,float64,0,0.00%,17510
mov_gsflow_inline_23_24.csv,0454.MOV11A,370,float64,0,0.00%,17510
mov_gsflow_inline_23_24.csv,0458.MOV11A,371,float64,0,0.00%,17510
mov_gsflow_inline_23_24.csv,0459.MOV11A,372,float64,0,0.00%,17510
mov_gsflow_inline_23_24.csv,0460.MOV11A,373,float64,0,0.00%,17510
mov_gsflow_inline_23_24.csv,0461.MOV11A,374,float64,0,0.00%,17510
mov_gsflow_inline_23_24.csv,0462.MOV11A,375,float64,0,0.00%,17510
mov_gsflow_inline_23_24.csv,0463.MOV11A,376,float64,0,0.00%,17510
mov_gsflow_inline_23_24.csv,0464.MOV11A,377,float64,0,0.00%,17510
mov_gsflow_inline_23_24.csv,0465.MOV11A,378,float64,0,0.00%,17510
mov_gsflow_inline_23_24.csv,0466.MOV11A,379,float64,0,0.00%,17510
mov_gsflow_inline_23_24.csv,0467.MOV11A,380,float64,0,0.00%,17510
mov_gsflow_inline_23_24.csv,0467.MOV11B,381,float64,0,0.00%,17510
mov_gsflow_inline_23_24.csv,0468.MOV11A,382,float64,0,0.00%,17510
mov_gsflow_inline_23_24.csv,0469.MOV11A,383,float64,0,0.00%,17510
mov_gsflow_inline_23_24.csv,0471.MOV11A,384,float64,0,0.00%,17510
mov_gsflow_inline_23_24.csv,0472.MOV11A,385,float64,0,0.00%,17510
mov_gsflow_inline_23_24.csv,0501.MOV11A,386,float64,0,0.00%,17510
mov_gsflow_inline_23_24.csv,0502.MOV11A,387,float64,0,0.00%,17510
mov_gsflow_inline_23_24.csv,0502.MOV11B,388,float64,0,0.00%,17510
mov_gsflow_inline_23_24.csv,0502.MOV11C,389,float64,0,0.00%,17510
mov_gsflow_inline_23_24.csv,0503.MOV11A,390,float64,0,0.00%,17510
mov_gsflow_inline_23_24.csv,0503.MOV11B,391,float64,0,0.00%,17510
mov_gsflow_inline_23_24.csv,0503.MOV11C,392,float64,0,0.00%,17510
mov_gsflow_inline_23_24.csv,0503.MOV11E,393,float64,0,0.00%,17510
mov_gsflow_inline_23_24.csv,0503.MOV11F,394,float64,0,0.00%,17510
mov_gsflow_inline_23_24.csv,0504.MOV11A,395,float64,0,0.00%,17510
mov_gsflow_inline_23_24.csv,0504.MOV11B,396,float64,0,0.00%,17510
mov_gsflow_inline_23_24.csv,0504.MOV11C,397,float64,0,0.00%,17510
mov_gsflow_inline_23_24.csv,0505.MOV11A,398,float64,0,0.00%,17510
mov_gsflow_inline_23_24.csv,0505.MOV11B,399,float64,0,0.00%,17510
mov_gsflow_inline_23_24.csv,0505.MOV11C,400,float64,0,0.00%,17510
mov_gsflow_inline_23_24.csv,0506.MOV11A,401,float64,0,0.00%,17510
mov_gsflow_inline_23_24.csv,0506.MOV11B,402,float64,0,0.00%,17510
mov_gsflow_inline_23_24.csv,0506.MOV11C,403,float64,0,0.00%,17510
mov_gsflow_inline_23_24.csv,0507.MOV11A,404,float64,0,0.00%,17510
mov_gsflow_inline_23_24.csv,0507.MOV11B,405,float64,0,0.00%,17510
mov_gsflow_inline_23_24.csv,0507.MOV11C,406,float64,0,0.00%,17510
mov_gsflow_inline_23_24.csv,0508.MOV11A,407,float64,0,0.00%,17510
mov_gsflow_inline_23_24.csv,0508.MOV11B,408,float64,0,0.00%,17510
mov_gsflow_inline_23_24.csv,0508.MOV11C,409,float64,0,0.00%,17510
mov_gsflow_inline_23_24.csv,0509.MOV11A,410,float64,0,0.00%,17510
mov_gsflow_inline_23_24.csv,0510.MOV11A,411,float64,0,0.00%,17510
mov_gsflow_inline_23_24.csv,0510.MOV11B,412,float64,0,0.00%,17510
mov_gsflow_inline_23_24.csv,0510.MOV11C,413,float64,0,0.00%,17510
mov_gsflow_inline_23_24.csv,0511.MOV11A,414,float64,0,0.00%,17510
mov_gsflow_inline_23_24.csv,0512.MOV11A,415,float64,0,0.00%,17510
mov_gsflow_inline_23_24.csv,0513.MOV11A,416,float64,0,0.00%,17510
mov_gsflow_inline_23_24.csv,0514.MOV11A,417,float64,0,0.00%,17510
mov_gsflow_inline_23_24.csv,0514.MOV11B,418,float64,0,0.00%,17510
mov_gsflow_inline_23_24.csv,0514.MOV11C,419,float64,0,0.00%,17510
mov_gsflow_inline_23_24.csv,0515.MOV11A,420,float64,0,0.00%,17510
mov_gsflow_inline_23_24.csv,0515.MOV11B,421,float64,0,0.00%,17510
mov_gsflow_inline_23_24.csv,0515.MOV11C,422,float64,0,0.00%,17510
mov_gsflow_inline_23_24.csv,0515.MOV11F,423,float64,0,0.00%,17510
mov_gsflow_inline_23_24.csv,0515.MOV11G,424,float64,0,0.00%,17510
mov_gsflow_inline_23_24.csv,0516.MOV11B,425,float64,0,0.00%,17510
mov_gsflow_inline_23_24.csv,0516.MOV11F,426,float64,0,0.00%,17510
mov_gsflow_inline_23_24.csv,0516.MOV11G,427,float64,0,0.00%,17510
mov_gsflow_inline_23_24.csv,0517.MOV11A,428,float64,0,0.00%,17510
mov_gsflow_inline_23_24.csv,0518.MOV11A,429,float64,0,0.00%,17510
mov_gsflow_inline_23_24.csv,0518.MOV11B,430,float64,0,0.00%,17510
mov_gsflow_inline_23_24.csv,0518.MOV11C,431,float64,0,0.00%,17510
mov_gsflow_inline_23_24.csv,0518.MOV11H,432,float64,0,0.00%,17510
mov_gsflow_inline_23_24.csv,0518.MOV11I,433,float64,0,0.00%,17510
mov_gsflow_inline_23_24.csv,0519.MOV11A,434,float64,0,0.00%,17510
mov_gsflow_inline_23_24.csv,0520.MOV11A,435,float64,0,0.00%,17510
mov_gsflow_inline_23_24.csv,0521.MOV11A,436,float64,0,0.00%,17510
mov_gsflow_inline_23_24.csv,0522.MOV11A,437,float64,0,0.00%,17510
mov_gsflow_inline_23_24.csv,0523.MOV11A,438,float64,0,0.00%,17510
mov_gsflow_inline_23_24.csv,0524.MOV11A,439,float64,0,0.00%,17510
mov_gsflow_inline_23_24.csv,0525.MOV11A,440,float64,0,0.00%,17510
mov_gsflow_inline_23_24.csv,0525.MOV11B,441,float64,0,0.00%,17510
mov_gsflow_inline_23_24.csv,0525.MOV11C,442,float64,0,0.00%,17510
mov_gsflow_inline_23_24.csv,0526.MOV11A,443,float64,0,0.00%,17510
mov_gsflow_inline_23_24.csv,0526.MOV11B,444,float64,0,0.00%,17510
mov_gsflow_inline_23_24.csv,0526.MOV11C,445,float64,0,0.00%,17510
mov_gsflow_inline_23_24.csv,0526.MOV62N,446,float64,0,0.00%,17510
mov_gsflow_inline_23_24.csv,0527.MOV11A,447,float64,0,0.00%,17510
mov_gsflow_inline_23_24.csv,0527.MOV11B,448,float64,0,0.00%,17510
mov_gsflow_inline_23_24.csv,0527.MOV11C,449,float64,0,0.00%,17510
mov_gsflow_inline_23_24.csv,0528.MOV11A,450,float64,0,0.00%,17510
mov_gsflow_inline_23_24.csv,0528.MOV11B,451,float64,0,0.00%,17510
mov_gsflow_inline_23_24.csv,0528.MOV11C,452,float64,0,0.00%,17510
mov_gsflow_inline_23_24.csv,0530.MOV11A,453,float64,0,0.00%,17510
mov_gsflow_inline_23_24.csv,0530.MOV11B,454,float64,0,0.00%,17510
mov_gsflow_inline_23_24.csv,0530.MOV11C,455,float64,0,0.00%,17510
mov_gsflow_inline_23_24.csv,0531.MOV11A,456,float64,0,0.00%,17510
mov_gsflow_inline_23_24.csv,0532.MOV11A,457,float64,0,0.00%,17510
mov_gsflow_inline_23_24.csv,0533.MOV11A,458,float64,0,0.00%,17510
mov_gsflow_inline_23_24.csv,0534.MOV11A,459,float64,0,0.00%,17510
mov_gsflow_inline_23_24.csv,0535.MOV11A,460,float64,0,0.00%,17510
mov_gsflow_inline_23_24.csv,0535.MOV11B,461,float64,0,0.00%,17510
mov_gsflow_inline_23_24.csv,0535.MOV11C,462,float64,0,0.00%,17510
mov_gsflow_inline_23_24.csv,0536.MOV11A,463,float64,0,0.00%,17510
mov_gsflow_inline_23_24.csv,0537.MOV11A,464,float64,0,0.00%,17510
mov_gsflow_inline_23_24.csv,0538.MOV11A,465,float64,0,0.00%,17510
mov_gsflow_inline_23_24.csv,0538.MOV11B,466,float64,0,0.00%,17510
mov_gsflow_inline_23_24.csv,0538.MOV11C,467,float64,0,0.00%,17510
mov_gsflow_inline_23_24.csv,0538.MOV62M,468,float64,0,0.00%,17510
mov_gsflow_inline_23_24.csv,0539.MOV11A,469,float64,0,0.00%,17510
mov_gsflow_inline_23_24.csv,0541.MOV11A,470,float64,0,0.00%,17510
mov_gsflow_inline_23_24.csv,0543.MOV11A,471,float64,0,0.00%,17510
mov_gsflow_inline_23_24.csv,0545.MOV11A,472,float64,0,0.00%,17510
mov_gsflow_inline_23_24.csv,0546.MOV11A,473,float64,0,0.00%,17510
mov_gsflow_inline_23_24.csv,0547.MOV11A,474,float64,0,0.00%,17510
mov_gsflow_inline_23_24.csv,0547.MOV11B,475,float64,0,0.00%,17510
mov_gsflow_inline_23_24.csv,0547.MOV11C,476,float64,0,0.00%,17510
mov_gsflow_inline_23_24.csv,0549.MOV11A,477,float64,0,0.00%,17510
mov_gsflow_inline_23_24.csv,0550.MOV11A,478,float64,0,0.00%,17510
mov_gsflow_inline_23_24.csv,0551.MOV11A,479,float64,0,0.00%,17510
mov_gsflow_inline_23_24.csv,0601.MOV11A,480,float64,0,0.00%,17510
mov_gsflow_inline_23_24.csv,0601.MOV11B,481,float64,0,0.00%,17510
mov_gsflow_inline_23_24.csv,0601.MOV11C,482,float64,0,0.00%,17510
mov_gsflow_inline_23_24.csv,0601.MOV11E,483,float64,0,0.00%,17510
mov_gsflow_inline_23_24.csv,0601.MOV11F,484,float64,0,0.00%,17510
mov_gsflow_inline_23_24.csv,0602.MOV11A,485,float64,0,0.00%,17510
mov_gsflow_inline_23_24.csv,0602.MOV11B,486,float64,0,0.00%,17510
mov_gsflow_inline_23_24.csv,0602.MOV11C,487,float64,0,0.00%,17510
mov_gsflow_inline_23_24.csv,0602.MOV12A,488,float64,0,0.00%,17510
mov_gsflow_inline_23_24.csv,0602.MOV13A,489,float64,0,0.00%,17510
mov_gsflow_inline_23_24.csv,0602.MOV14A,490,float64,0,0.00%,17510
mov_gsflow_inline_23_24.csv,0603.MOV11A,491,float64,0,0.00%,17510
mov_gsflow_inline_23_24.csv,0603.MOV11B,492,float64,0,0.00%,17510
mov_gsflow_inline_23_24.csv,0603.MOV11C,493,float64,0,0.00%,17510
mov_gsflow_inline_23_24.csv,0604.MOV11A,494,float64,0,0.00%,17510
mov_gsflow_inline_23_24.csv,0604.MOV11B,495,float64,0,0.00%,17510
mov_gsflow_inline_23_24.csv,0604.MOV11C,496,float64,0,0.00%,17510
mov_gsflow_inline_23_24.csv,0605.MOV11A,497,float64,0,0.00%,17510
mov_gsflow_inline_23_24.csv,0605.MOV11B,498,float64,0,0.00%,17510
mov_gsflow_inline_23_24.csv,0605.MOV11C,499,float64,0,0.00%,17510
mov_gsflow_inline_23_24.csv,0606.MOV11A,500,float64,0,0.00%,17510
mov_gsflow_inline_23_24.csv,0606.MOV11B,501,float64,0,0.00%,17510
mov_gsflow_inline_23_24.csv,0606.MOV11C,502,float64,0,0.00%,17510
mov_gsflow_inline_23_24.csv,0607.MOV11A,503,float64,0,0.00%,17510
mov_gsflow_inline_23_24.csv,0607.MOV11B,504,float64,0,0.00%,17510
mov_gsflow_inline_23_24.csv,0607.MOV11C,505,float64,0,0.00%,17510
mov_gsflow_inline_23_24.csv,0608.MOV11A,506,float64,0,0.00%,17510
mov_gsflow_inline_23_24.csv,0608.MOV11B,507,float64,0,0.00%,17510
mov_gsflow_inline_23_24.csv,0608.MOV11C,508,float64,0,0.00%,17510
mov_gsflow_inline_23_24.csv,0610.MOV11A,509,float64,0,0.00%,17510
mov_gsflow_inline_23_24.csv,0610.MOV11B,510,float64,0,0.00%,17510
mov_gsflow_inline_23_24.csv,0610.MOV11C,511,float64,0,0.00%,17510
mov_gsflow_inline_23_24.csv,0611.MOV11A,512,float64,0,0.00%,17510
mov_gsflow_inline_23_24.csv,0611.MOV11B,513,float64,0,0.00%,17510
mov_gsflow_inline_23_24.csv,0611.MOV11C,514,float64,0,0.00%,17510
mov_gsflow_inline_23_24.csv,0612.MOV11A,515,float64,0,0.00%,17510
mov_gsflow_inline_23_24.csv,0612.MOV11B,516,float64,0,0.00%,17510
mov_gsflow_inline_23_24.csv,0612.MOV11C,517,float64,0,0.00%,17510
mov_gsflow_inline_23_24.csv,0613.MOV11A,518,float64,0,0.00%,17510
mov_gsflow_inline_23_24.csv,0613.MOV11B,519,float64,0,0.00%,17510
mov_gsflow_inline_23_24.csv,0613.MOV11C,520,float64,0,0.00%,17510
mov_gsflow_inline_23_24.csv,0615.MOV11A,521,float64,0,0.00%,17510
mov_gsflow_inline_23_24.csv,0615.MOV11B,522,float64,0,0.00%,17510
mov_gsflow_inline_23_24.csv,0615.MOV11C,523,float64,0,0.00%,17510
mov_gsflow_inline_23_24.csv,0615.MOV11E,524,float64,0,0.00%,17510
mov_gsflow_inline_23_24.csv,0615.MOV11F,525,float64,0,0.00%,17510
mov_gsflow_inline_23_24.csv,0615.MOV11H,526,float64,0,0.00%,17510
mov_gsflow_inline_23_24.csv,0616.MOV11A,527,float64,0,0.00%,17510
mov_gsflow_inline_23_24.csv,0617.MOV11A,528,float64,0,0.00%,17510
mov_gsflow_inline_23_24.csv,0617.MOV11B,529,float64,0,0.00%,17510
mov_gsflow_inline_23_24.csv,0617.MOV11C,530,float64,0,0.00%,17510
mov_gsflow_inline_23_24.csv,0618.MOV11A,531,float64,0,0.00%,17510
mov_gsflow_inline_23_24.csv,0619.MOV11A,532,float64,0,0.00%,17510
mov_gsflow_inline_23_24.csv,0620.MOV11A,533,float64,0,0.00%,17510
mov_gsflow_inline_23_24.csv,0620.MOV11B,534,float64,0,0.00%,17510
mov_gsflow_inline_23_24.csv,0620.MOV11C,535,float64,0,0.00%,17510
mov_gsflow_inline_23_24.csv,0620.MOV11Z,536,float64,0,0.00%,17510
mov_gsflow_inline_23_24.csv,0621.MOV11A,537,float64,0,0.00%,17510
mov_gsflow_inline_23_24.csv,0621.MOV11B,538,float64,0,0.00%,17510
mov_gsflow_inline_23_24.csv,0621.MOV11C,539,float64,0,0.00%,17510
mov_gsflow_inline_23_24.csv,0621.MOV11D,540,float64,0,0.00%,17510
mov_gsflow_inline_23_24.csv,0621.MOV11E,541,float64,0,0.00%,17510
mov_gsflow_inline_23_24.csv,0621.MOV11F,542,float64,0,0.00%,17510
mov_gsflow_inline_23_24.csv,0622.MOV11A,543,float64,0,0.00%,17510
mov_gsflow_inline_23_24.csv,0623.MOV11A,544,float64,0,0.00%,17510
mov_gsflow_inline_23_24.csv,0623.MOV11B,545,float64,0,0.00%,17510
mov_gsflow_inline_23_24.csv,0623.MOV11C,546,float64,0,0.00%,17510
mov_gsflow_inline_23_24.csv,0624.MOV11A,547,float64,0,0.00%,17510
mov_gsflow_inline_23_24.csv,0626.MOV11B,548,float64,0,0.00%,17510
mov_gsflow_inline_23_24.csv,0627.MOV11A,549,float64,0,0.00%,17510
mov_gsflow_inline_23_24.csv,0628.MOV11A,550,float64,0,0.00%,17510
mov_gsflow_inline_23_24.csv,0628.MOV11B,551,float64,0,0.00%,17510
mov_gsflow_inline_23_24.csv,0628.MOV11C,552,float64,0,0.00%,17510
mov_gsflow_inline_23_24.csv,0628.MOV62M,553,float64,0,0.00%,17510
mov_gsflow_inline_23_24.csv,0629.MOV11A,554,float64,0,0.00%,17510
mov_gsflow_inline_23_24.csv,0630.MOV11A,555,float64,0,0.00%,17510
mov_gsflow_inline_23_24.csv,0631.MOV11A,556,float64,0,0.00%,17510
mov_gsflow_inline_23_24.csv,0631.MOV12A,557,float64,0,0.00%,17510
mov_gsflow_inline_23_24.csv,0632.MOV11A,558,float64,0,0.00%,17510
mov_gsflow_inline_23_24.csv,0632.MOV11B,559,float64,0,0.00%,17510
mov_gsflow_inline_23_24.csv,0632.MOV11C,560,float64,0,0.00%,17510
mov_gsflow_inline_23_24.csv,0633.MOV11A,561,float64,0,0.00%,17510
mov_gsflow_inline_23_24.csv,0634.MOV11A,562,float64,0,0.00%,17510
mov_gsflow_inline_23_24.csv,0635.MOV11A,563,float64,0,0.00%,17510
mov_gsflow_inline_23_24.csv,0636.MOV11A,564,float64,0,0.00%,17510
mov_gsflow_inline_23_24.csv,0637.MOV11A,565,float64,0,0.00%,17510
mov_gsflow_inline_23_24.csv,0637.MOV11B,566,float64,0,0.00%,17510
mov_gsflow_inline_23_24.csv,0637.MOV11C,567,float64,0,0.00%,17510
mov_gsflow_inline_23_24.csv,0638.MOV11A,568,float64,0,0.00%,17510
mov_gsflow_inline_23_24.csv,0642.MOV11A,569,float64,0,0.00%,17510
mov_gsflow_inline_23_24.csv,0642.MOV11B,570,float64,0,0.00%,17510
mov_gsflow_inline_23_24.csv,0642.MOV11C,571,float64,0,0.00%,17510
mov_gsflow_inline_23_24.csv,0643.MOV11A,572,float64,0,0.00%,17510
mov_gsflow_inline_23_24.csv,0643.MOV11B,573,float64,0,0.00%,17510
mov_gsflow_inline_23_24.csv,0643.MOV11C,574,float64,0,0.00%,17510
mov_gsflow_inline_23_24.csv,0644.MOV11A,575,float64,0,0.00%,17510
mov_gsflow_inline_23_24.csv,0645.MOV11A,576,float64,0,0.00%,17510
mov_gsflow_inline_23_24.csv,0645.MOV11B,577,float64,0,0.00%,17510
mov_gsflow_inline_23_24.csv,0645.MOV11C,578,float64,0,0.00%,17510
mov_gsflow_inline_23_24.csv,0646.MOV11A,579,float64,0,0.00%,17510
mov_gsflow_inline_23_24.csv,0647.MOV11A,580,float64,0,0.00%,17510
mov_gsflow_inline_23_24.csv,0648.MOV11A,581,float64,0,0.00%,17510
mov_gsflow_inline_23_24.csv,0649.MOV11A,582,float64,0,0.00%,17510
mov_gsflow_inline_23_24.csv,0650.MOV11A,583,float64,0,0.00%,17510
mov_gsflow_inline_23_24.csv,0651.MOV11A,584,float64,0,0.00%,17510
mov_gsflow_inline_23_24.csv,0655.MOV11A,585,float64,0,0.00%,17510
mov_gsflow_inline_23_24.csv,0655.MOV11B,586,float64,0,0.00%,17510
mov_gsflow_inline_23_24.csv,0655.MOV11C,587,float64,0,0.00%,17510
mov_gsflow_inline_23_24.csv,0656.MOV11A,588,float64,0,0.00%,17510
mov_gsflow_inline_23_24.csv,0656.MOV11B,589,float64,0,0.00%,17510
mov_gsflow_inline_23_24.csv,0656.MOV11C,590,float64,0,0.00%,17510
mov_gsflow_inline_23_24.csv,0711.MOV11A,591,float64,0,0.00%,17510
mov_gsflow_inline_23_24.csv,0711.MOV11B,592,float64,0,0.00%,17510
mov_gsflow_inline_23_24.csv,0711.MOV11C,593,float64,0,0.00%,17510
mov_gsflow_inline_23_24.csv,0712.MOV11A,594,float64,0,0.00%,17510
mov_gsflow_inline_23_24.csv,0713.MOV11A,595,float64,0,0.00%,17510
mov_gsflow_inline_23_24.csv,0713.MOV11B,596,float64,0,0.00%,17510
mov_gsflow_inline_23_24.csv,0713.MOV11C,597,float64,0,0.00%,17510
mov_gsflow_inline_23_24.csv,0714.MOV11A,598,float64,0,0.00%,17510
mov_gsflow_inline_23_24.csv,0715.MOV11A,599,float64,0,0.00%,17510
mov_gsflow_inline_23_24.csv,0716.MOV11A,600,float64,0,0.00%,17510
mov_gsflow_inline_23_24.csv,0717.MOV11A,601,float64,0,0.00%,17510
mov_gsflow_inline_23_24.csv,0717.MOV11B,602,float64,0,0.00%,17510
mov_gsflow_inline_23_24.csv,0717.MOV11C,603,float64,0,0.00%,17510
mov_gsflow_inline_23_24.csv,0718.MOV11A,604,float64,0,0.00%,17510
mov_gsflow_inline_23_24.csv,0719.MOV11A,605,float64,0,0.00%,17510
mov_gsflow_inline_23_24.csv,0720.MOV11A,606,float64,0,0.00%,17510
mov_gsflow_inline_23_24.csv,0720.MOV11B,607,float64,0,0.00%,17510
mov_gsflow_inline_23_24.csv,0720.MOV11C,608,float64,0,0.00%,17510
mov_gsflow_inline_23_24.csv,0733.MOV11A,609,float64,0,0.00%,17510
mov_gsflow_inline_23_24.csv,0733.MOV11B,610,float64,0,0.00%,17510
mov_gsflow_inline_23_24.csv,0733.MOV11C,611,float64,0,0.00%,17510
mov_gsflow_inline_23_24.csv,0733.MOV11E,612,float64,0,0.00%,17510
mov_gsflow_inline_23_24.csv,0733.MOV11F,613,float64,0,0.00%,17510
mov_gsflow_inline_23_24.csv,0733.MOV12E,614,float64,0,0.00%,17510
mov_gsflow_inline_23_24.csv,0734.MOV11A,615,float64,0,0.00%,17510
mov_gsflow_inline_23_24.csv,0735.MOV11A,616,float64,0,0.00%,17510
mov_gsflow_inline_23_24.csv,0736.MOV11A,617,float64,0,0.00%,17510
mov_gsflow_inline_23_24.csv,0736.MOV11C,618,float64,0,0.00%,17510
mov_gsflow_inline_23_24.csv,0737.MOV11A,619,float64,0,0.00%,17510
mov_gsflow_inline_23_24.csv,0738.MOV11A,620,float64,0,0.00%,17510
mov_gsflow_inline_23_24.csv,0738.MOV11B,621,float64,0,0.00%,17510
mov_gsflow_inline_23_24.csv,0738.MOV11C,622,float64,0,0.00%,17510
mov_gsflow_inline_23_24.csv,0739.MOV11A,623,float64,0,0.00%,17510
mov_gsflow_inline_23_24.csv,0740.MOV11A,624,float64,0,0.00%,17510
mov_gsflow_inline_23_24.csv,0741.MOV11A,625,float64,0,0.00%,17510
mov_gsflow_inline_23_24.csv,0742.MOV11A,626,float64,0,0.00%,17510
mov_gsflow_inline_23_24.csv,0743.MOV11A,627,float64,0,0.00%,17510
mov_gsflow_inline_23_24.csv,0743.MOV11B,628,float64,0,0.00%,17510
mov_gsflow_inline_23_24.csv,0743.MOV11C,629,float64,0,0.00%,17510
mov_gsflow_inline_23_24.csv,0744.MOV11A,630,float64,0,0.00%,17510
mov_gsflow_inline_23_24.csv,0745.MOV11A,631,float64,0,0.00%,17510
mov_gsflow_inline_23_24.csv,0746.MOV11A,632,float64,0,0.00%,17510
mov_gsflow_inline_23_24.csv,0747.MOV11A,633,float64,0,0.00%,17510
mov_gsflow_inline_23_24.csv,0748.MOV11A,634,float64,0,0.00%,17510
mov_gsflow_inline_23_24.csv,0748.MOV11B,635,float64,0,0.00%,17510
mov_gsflow_inline_23_24.csv,0748.MOV11C,636,float64,0,0.00%,17510
mov_gsflow_inline_23_24.csv,0748.MOV62M,637,float64,0,0.00%,17510
mov_gsflow_inline_23_24.csv,0749.MOV11A,638,float64,0,0.00%,17510
mov_gsflow_inline_23_24.csv,0750.MOV11A,639,float64,0,0.00%,17510
mov_gsflow_inline_23_24.csv,0751.MOV11A,640,float64,0,0.00%,17510
mov_gsflow_inline_23_24.csv,0752.MOV11A,641,float64,0,0.00%,17510
mov_gsflow_inline_23_24.csv,0757.MOV11A,642,float64,0,0.00%,17510
mov_gsflow_inline_23_24.csv,0758.MOV11A,643,float64,0,0.00%,17510
mov_gsflow_inline_23_24.csv,0759.MOV11A,644,float64,0,0.00%,17510
mov_gsflow_inline_23_24.csv,0760.MOV11A,645,float64,0,0.00%,17510
mov_gsflow_inline_23_24.csv,0761.MOV11A,646,float64,0,0.00%,17510
mov_gsflow_inline_23_24.csv,0762.MOV11A,647,float64,0,0.00%,17510
mov_gsflow_inline_23_24.csv,0762.MOV11B,648,float64,0,0.00%,17510
mov_gsflow_inline_23_24.csv,0762.MOV11C,649,float64,0,0.00%,17510
mov_gsflow_inline_23_24.csv,0763.MOV11A,650,float64,0,0.00%,17510
mov_gsflow_inline_23_24.csv,0764.MOV11A,651,float64,0,0.00%,17510
mov_gsflow_inline_23_24.csv,0765.MOV11A,652,float64,0,0.00%,17510
mov_gsflow_inline_23_24.csv,0766.MOV11A,653,float64,0,0.00%,17510
mov_gsflow_inline_23_24.csv,0767.MOV11A,654,float64,0,0.00%,17510
mov_gsflow_inline_23_24.csv,0768.MOV11A,655,float64,0,0.00%,17510
mov_gsflow_inline_23_24.csv,0769.MOV15D,656,float64,0,0.00%,17510
mov_gsflow_inline_23_24.csv,0769.MOV62M,657,float64,0,0.00%,17510
mov_gsflow_inline_23_24.csv,0770.MOV11A,658,float64,0,0.00%,17510
mov_gsflow_inline_23_24.csv,0771.MOV11A,659,float64,0,0.00%,17510
mov_gsflow_inline_23_24.csv,0771.MOV11B,660,float64,0,0.00%,17510
mov_gsflow_inline_23_24.csv,0771.MOV11C,661,float64,0,0.00%,17510
mov_gsflow_inline_23_24.csv,0772.MOV11A,662,float64,0,0.00%,17510
mov_gsflow_inline_23_24.csv,0773.MOV11A,663,float64,0,0.00%,17510
mov_gsflow_inline_23_24.csv,0774.MOV11A,664,float64,0,0.00%,17510
mov_gsflow_inline_23_24.csv,0776.MOV11A,665,float64,0,0.00%,17510
mov_gsflow_inline_23_24.csv,0777.MOV11A,666,float64,0,0.00%,17510
mov_gsflow_inline_23_24.csv,0777.MOV11B,667,float64,0,0.00%,17510
mov_gsflow_inline_23_24.csv,0777.MOV11C,668,float64,0,0.00%,17510
mov_gsflow_inline_23_24.csv,0778.MOV11A,669,float64,0,0.00%,17510
mov_gsflow_inline_23_24.csv,0779.MOV11A,670,float64,0,0.00%,17510
mov_gsflow_inline_23_24.csv,0780.MOV11A,671,float64,0,0.00%,17510
mov_gsflow_inline_23_24.csv,0781.MOV11A,672,float64,0,0.00%,17510
mov_gsflow_inline_23_24.csv,0781.MOV11B,673,float64,0,0.00%,17510
mov_gsflow_inline_23_24.csv,0781.MOV11C,674,float64,0,0.00%,17510
mov_gsflow_inline_23_24.csv,0782.MOV11A,675,float64,0,0.00%,17510
mov_gsflow_inline_23_24.csv,0783.MOV11A,676,float64,0,0.00%,17510
mov_gsflow_inline_23_24.csv,0784.MOV11A,677,float64,0,0.00%,17510
mov_gsflow_inline_23_24.csv,0785.MOV11A,678,float64,0,0.00%,17510
mov_gsflow_inline_23_24.csv,0786.MOV11B,679,float64,0,0.00%,17510
mov_gsflow_inline_23_24.csv,0786.MOV11C,680,float64,0,0.00%,17510
mov_gsflow_inline_23_24.csv,0786.MOV11D,681,float64,0,0.00%,17510
mov_gsflow_inline_23_24.csv,0786.MOV12B,682,float64,0,0.00%,17510
mov_gsflow_inline_23_24.csv,0786.MOV12C,683,float64,0,0.00%,17510
mov_gsflow_inline_23_24.csv,0786.MOV12D,684,float64,0,0.00%,17510
mov_gsflow_inline_23_24.csv,0787.MOV11A,685,float64,0,0.00%,17510
mov_gsflow_inline_23_24.csv,0788.MOV11A,686,float64,0,0.00%,17510
mov_gsflow_inline_23_24.csv,0789.MOV11A,687,float64,0,0.00%,17510
mov_gsflow_inline_23_24.csv,0790.MOV11A,688,float64,0,0.00%,17510
mov_gsflow_inline_23_24.csv,0791.MOV11A,689,float64,0,0.00%,17510
mov_gsflow_inline_23_24.csv,0795.MOV11A,690,float64,0,0.00%,17510
mov_gsflow_inline_23_24.csv,0797.MOV11A,691,float64,0,0.00%,17510
mov_gsflow_inline_23_24.csv,0797.MOV11B,692,float64,0,0.00%,17510
mov_gsflow_inline_23_24.csv,0797.MOV11C,693,float64,0,0.00%,17510
mov_gsflow_inline_23_24.csv,0801.MOV11A,694,float64,0,0.00%,17510
mov_gsflow_inline_23_24.csv,0801.MOV11C,695,float64,0,0.00%,17510
mov_gsflow_inline_23_24.csv,0801.MOV11D,696,float64,0,0.00%,17510
mov_gsflow_inline_23_24.csv,0801.MOV11E,697,float64,0,0.00%,17510
mov_gsflow_inline_23_24.csv,0802.MOV11A,698,float64,0,0.00%,17510
mov_gsflow_inline_23_24.csv,0803.MOV11A,699,float64,0,0.00%,17510
mov_gsflow_inline_23_24.csv,0803.MOV11C,700,float64,0,0.00%,17510
mov_gsflow_inline_23_24.csv,0803.MOV11D,701,float64,0,0.00%,17510
mov_gsflow_inline_23_24.csv,0804.MOV11A,702,float64,0,0.00%,17510
mov_gsflow_inline_23_24.csv,0805.MOV11A,703,float64,0,0.00%,17510
mov_gsflow_inline_23_24.csv,0805.MOV11C,704,float64,0,0.00%,17510
mov_gsflow_inline_23_24.csv,0805.MOV11D,705,float64,0,0.00%,17510
mov_gsflow_inline_23_24.csv,0806.MOV11A,706,float64,0,0.00%,17510
mov_gsflow_inline_23_24.csv,0807.MOV11A,707,float64,0,0.00%,17510
mov_gsflow_inline_23_24.csv,0807.MOV11C,708,float64,0,0.00%,17510
mov_gsflow_inline_23_24.csv,0807.MOV11D,709,float64,0,0.00%,17510
mov_gsflow_inline_23_24.csv,0808.MOV11A,710,float64,0,0.00%,17510
mov_gsflow_inline_23_24.csv,0808.MOV11C,711,float64,0,0.00%,17510
mov_gsflow_inline_23_24.csv,0808.MOV11D,712,float64,0,0.00%,17510
mov_gsflow_inline_23_24.csv,0808.MOV11F,713,float64,0,0.00%,17510
mov_gsflow_inline_23_24.csv,0809.MOV11A,714,float64,0,0.00%,17510
mov_gsflow_inline_23_24.csv,0810.MOV11A,715,float64,0,0.00%,17510
mov_gsflow_inline_23_24.csv,0811.MOV11A,716,float64,0,0.00%,17510
mov_gsflow_inline_23_24.csv,0811.MOV11C,717,float64,0,0.00%,17510
mov_gsflow_inline_23_24.csv,0811.MOV11D,718,float64,0,0.00%,17510
mov_gsflow_inline_23_24.csv,0812.MOV11A,719,float64,0,0.00%,17510
mov_gsflow_inline_23_24.csv,0812.MOV11B,720,float64,0,0.00%,17510
mov_gsflow_inline_23_24.csv,0812.MOV11C,721,float64,0,0.00%,17510
mov_gsflow_inline_23_24.csv,0812.MOV11O,722,float64,0,0.00%,17510
mov_gsflow_inline_23_24.csv,0812.MOV11P,723,float64,0,0.00%,17510
mov_gsflow_inline_23_24.csv,0812.MOV11Q,724,float64,0,0.00%,17510
mov_gsflow_inline_23_24.csv,0813.MOV11A,725,float64,0,0.00%,17510
mov_gsflow_inline_23_24.csv,0814.MOV11A,726,float64,0,0.00%,17510
mov_gsflow_inline_23_24.csv,0814.MOV11B,727,float64,0,0.00%,17510
mov_gsflow_inline_23_24.csv,0814.MOV11C,728,float64,0,0.00%,17510
mov_gsflow_inline_23_24.csv,0814.MOV11E,729,float64,0,0.00%,17510
mov_gsflow_inline_23_24.csv,0815.MOV11A,730,float64,0,0.00%,17510
mov_gsflow_inline_23_24.csv,0815.MOV11B,731,float64,0,0.00%,17510
mov_gsflow_inline_23_24.csv,0815.MOV11C,732,float64,0,0.00%,17510
mov_gsflow_inline_23_24.csv,0816.MOV11A,733,float64,0,0.00%,17510
mov_gsflow_inline_23_24.csv,0816.MOV11B,734,float64,0,0.00%,17510
mov_gsflow_inline_23_24.csv,0816.MOV11C,735,float64,0,0.00%,17510
mov_gsflow_inline_23_24.csv,0817.MOV11A,736,float64,0,0.00%,17510
mov_gsflow_inline_23_24.csv,0817.MOV11B,737,float64,0,0.00%,17510
mov_gsflow_inline_23_24.csv,0817.MOV11C,738,float64,0,0.00%,17510
mov_gsflow_inline_23_24.csv,0818.MOV11A,739,float64,0,0.00%,17510
mov_gsflow_inline_23_24.csv,0819.MOV11A,740,float64,0,0.00%,17510
mov_gsflow_inline_23_24.csv,0819.MOV11B,741,float64,0,0.00%,17510
mov_gsflow_inline_23_24.csv,0819.MOV11C,742,float64,0,0.00%,17510
mov_gsflow_inline_23_24.csv,0820.MOV11A,743,float64,0,0.00%,17510
mov_gsflow_inline_23_24.csv,0821.MOV11A,744,float64,0,0.00%,17510
mov_gsflow_inline_23_24.csv,0821.MOV11B,745,float64,0,0.00%,17510
mov_gsflow_inline_23_24.csv,0821.MOV11C,746,float64,0,0.00%,17510
mov_gsflow_inline_23_24.csv,0822.MOV11A,747,float64,0,0.00%,17510
mov_gsflow_inline_23_24.csv,0823.MOV11A,748,float64,0,0.00%,17510
mov_gsflow_inline_23_24.csv,0824.MOV11A,749,float64,0,0.00%,17510
mov_gsflow_inline_23_24.csv,0825.MOV11A,750,float64,0,0.00%,17510
mov_gsflow_inline_23_24.csv,0826.MOV11A,751,float64,0,0.00%,17510
mov_gsflow_inline_23_24.csv,0827.MOV11A,752,float64,0,0.00%,17510
mov_gsflow_inline_23_24.csv,0828.MOV11A,753,float64,0,0.00%,17510
mov_gsflow_inline_23_24.csv,0829.MOV11A,754,float64,0,0.00%,17510
mov_gsflow_inline_23_24.csv,0831.MOV11A,755,float64,0,0.00%,17510
mov_gsflow_inline_23_24.csv,0831.MOV11B,756,float64,0,0.00%,17510
mov_gsflow_inline_23_24.csv,0831.MOV11C,757,float64,0,0.00%,17510
mov_gsflow_inline_23_24.csv,0832.MOV11A,758,float64,0,0.00%,17510
mov_gsflow_inline_23_24.csv,0901.MOV11A,759,float64,0,0.00%,17510
mov_gsflow_inline_23_24.csv,0902.MOV11A,760,float64,0,0.00%,17510
mov_gsflow_inline_23_24.csv,0903.MOV11A,761,float64,0,0.00%,17510
mov_gsflow_inline_23_24.csv,0903.MOV11B,762,float64,0,0.00%,17510
mov_gsflow_inline_23_24.csv,0903.MOV11C,763,float64,0,0.00%,17510
mov_gsflow_inline_23_24.csv,0903.MOV11D,764,float64,0,0.00%,17510
mov_gsflow_inline_23_24.csv,0903.MOV11F,765,float64,0,0.00%,17510
mov_gsflow_inline_23_24.csv,0903.MOV41J,766,float64,0,0.00%,17510
mov_gsflow_inline_23_24.csv,0903.MOV42J,767,float64,0,0.00%,17510
mov_gsflow_inline_23_24.csv,0904.MOV101A,768,float64,0,0.00%,17510
mov_gsflow_inline_23_24.csv,0904.MOV101B,769,float64,0,0.00%,17510
mov_gsflow_inline_23_24.csv,0904.MOV101C,770,float64,0,0.00%,17510
mov_gsflow_inline_23_24.csv,0904.MOV101D,771,float64,0,0.00%,17510
mov_gsflow_inline_23_24.csv,0904.MOV101E,772,float64,0,0.00%,17510
mov_gsflow_inline_23_24.csv,0904.MOV101F,773,float64,0,0.00%,17510
mov_gsflow_inline_23_24.csv,0904.MOV101I,774,float64,0,0.00%,17510
mov_gsflow_inline_23_24.csv,0904.MOV102G,775,float64,0,0.00%,17510
mov_gsflow_inline_23_24.csv,0905.MOV11A,776,float64,0,0.00%,17510
mov_gsflow_inline_23_24.csv,0905.MOV11C,777,float64,0,0.00%,17510
mov_gsflow_inline_23_24.csv,0905.MOV11D,778,float64,0,0.00%,17510
mov_gsflow_inline_23_24.csv,0905.MOV11E,779,float64,0,0.00%,17510
mov_gsflow_inline_23_24.csv,0906.MOV11A,780,float64,0,0.00%,17510
mov_gsflow_inline_23_24.csv,0907.MOV11B,781,float64,0,0.00%,17510
mov_gsflow_inline_23_24.csv,0907.MOV11C,782,float64,0,0.00%,17510
mov_gsflow_inline_23_24.csv,0907.MOV11D,783,float64,0,0.00%,17510
mov_gsflow_inline_23_24.csv,0907.MOV11G,784,float64,0,0.00%,17510
mov_gsflow_inline_23_24.csv,0908.MOV11A,785,float64,0,0.00%,17510
mov_gsflow_inline_23_24.csv,0908.MOV11B,786,float64,0,0.00%,17510
mov_gsflow_inline_23_24.csv,0908.MOV11C,787,float64,0,0.00%,17510
mov_gsflow_inline_23_24.csv,0908.MOV11D,788,float64,0,0.00%,17510
mov_gsflow_inline_23_24.csv,0908.MOV11E,789,float64,0,0.00%,17510
mov_gsflow_inline_23_24.csv,0908.MOV11F,790,float64,0,0.00%,17510
mov_gsflow_inline_23_24.csv,0908.MOV11FD,791,float64,0,0.00%,17510
mov_gsflow_inline_23_24.csv,0908.MOV11H,792,float64,0,0.00%,17510
mov_gsflow_inline_23_24.csv,0908.MOV12H,793,float64,0,0.00%,17510
mov_gsflow_inline_23_24.csv,0909.MOV11A,794,float64,0,0.00%,17510
mov_gsflow_inline_23_24.csv,0909.MOV11B,795,float64,0,0.00%,17510
mov_gsflow_inline_23_24.csv,0909.MOV11C,796,float64,0,0.00%,17510
mov_gsflow_inline_23_24.csv,0910.MOV11A,797,float64,0,0.00%,17510
mov_gsflow_inline_23_24.csv,0911.MOV11A,798,float64,0,0.00%,17510
mov_gsflow_inline_23_24.csv,0913.MOV11A,799,float64,0,0.00%,17510
mov_gsflow_inline_23_24.csv,0913.MOV11B,800,float64,0,0.00%,17510
mov_gsflow_inline_23_24.csv,0913.MOV11C,801,float64,0,0.00%,17510
mov_gsflow_inline_23_24.csv,0914.MOV11A,802,float64,0,0.00%,17510
mov_gsflow_inline_23_24.csv,0914.MOV11B,803,float64,0,0.00%,17510
mov_gsflow_inline_23_24.csv,0914.MOV11C,804,float64,0,0.00%,17510
mov_gsflow_inline_23_24.csv,0915.MOV11B,805,float64,0,0.00%,17510
mov_gsflow_inline_23_24.csv,0915.MOV11C,806,float64,0,0.00%,17510
mov_gsflow_inline_23_24.csv,0915.MOV11D,807,float64,0,0.00%,17510
mov_gsflow_inline_23_24.csv,0915.MOV11E,808,float64,0,0.00%,17510
mov_gsflow_inline_23_24.csv,0915.MOV11H,809,float64,0,0.00%,17510
mov_gsflow_inline_23_24.csv,0916.MOV11A,810,float64,0,0.00%,17510
mov_gsflow_inline_23_24.csv,0916.MOV11B,811,float64,0,0.00%,17510
mov_gsflow_inline_23_24.csv,0916.MOV11C,812,float64,0,0.00%,17510
mov_gsflow_inline_23_24.csv,0917.MOV11A,813,float64,0,0.00%,17510
mov_gsflow_inline_23_24.csv,0918.MOV11A,814,float64,0,0.00%,17510
mov_gsflow_inline_23_24.csv,0919.MOV11A,815,float64,0,0.00%,17510
mov_gsflow_inline_23_24.csv,0796.MOV11A,816,float64,0,0.00%,17510
mov_gsflow_inline_23_24.csv,0552.MOV12A,817,float64,0,0.00%,17510
mov_gsflow_inline_23_24.csv,0552.MOV11A,818,float64,0,0.00%,17510
mov_gsflow_inline_23_24.csv,0792.MOV11A,819,float64,0,0.00%,17510
mov_gsflow_inline_23_24.csv,0149.MOV11C,820,float64,0,0.00%,17510
mov_gsflow_inline_23_24.csv,0414.MOV01,821,float64,0,0.00%,17510
mov_gsflow_inline_23_24.csv,0149.MOV11A,822,float64,0,0.00%,17510
mov_gsflow_inline_23_24.csv,0639.MOV11A,823,float64,0,0.00%,17510
mov_gsflow_inline_23_24.csv,0271.MOV11E,824,float64,0,0.00%,17510
mov_gsflow_inline_23_24.csv,0271.MOV11D,825,float64,0,0.00%,17510
mov_gsflow_inline_23_24.csv,0821.MOV11E,826,float64,0,0.00%,17510
mov_gsflow_inline_23_24.csv,0103.MOV21B,827,float64,0,0.00%,17510
mov_gsflow_inline_23_24.csv,0904.MOV101J,828,float64,0,0.00%,17510
mov_gsflow_inline_23_24.csv,0417.MOV11B,829,float64,0,0.00%,17510
mov_gsflow_inline_23_24.csv,0903.V11B,830,float64,0,0.00%,17510
mov_gsflow_inline_23_24.csv,0271.MOV11C,831,float64,0,0.00%,17510
mov_gsflow_inline_23_24.csv,0794.MOV11A,832,float64,0,0.00%,17510
mov_gsflow_inline_23_24.csv,0451.MOV11C,833,float64,0,0.00%,17510
mov_gsflow_inline_23_24.csv,0906.MOV21A,834,float64,0,0.00%,17510
mov_gsflow_inline_23_24.csv,0149.MOV11B,835,float64,0,0.00%,17510
mov_gsflow_inline_23_24.csv,0654.MOV11C,836,float64,0,0.00%,17510
mov_gsflow_inline_23_24.csv,0654.MOV11A,837,float64,0,0.00%,17510
mov_gsflow_inline_23_24.csv,0821.MOV11F,838,float64,0,0.00%,17510
mov_gsflow_inline_23_24.csv,0652.MOV11B,839,float64,0,0.00%,17510
mov_gsflow_inline_23_24.csv,0271.MOV11B,840,float64,0,0.00%,17510
mov_gsflow_inline_23_24.csv,0654.MOV11B,841,float64,0,0.00%,17510
mov_gsflow_inline_23_24.csv,0775.MOV11A,842,float64,0,0.00%,17510
mov_gsflow_inline_23_24.csv,0342.MOV11A,843,float64,0,0.00%,17510
mov_gsflow_inline_23_24.csv,0475.MOV11A,844,float64,0,0.00%,17510
mov_gsflow_inline_23_24.csv,0552.MOV12B,845,float64,0,0.00%,17510
mov_gsflow_inline_23_24.csv,0443.MOV62M,846,float64,0,0.00%,17510
mov_gsflow_inline_23_24.csv,0652.MOV11C,847,float64,0,0.00%,17510
mov_gsflow_inline_23_24.csv,0906.MOV21B,848,float64,0,0.00%,17510
mov_gsflow_inline_23_24.csv,0553.MOV11C,849,float64,0,0.00%,17510
mov_gsflow_inline_23_24.csv,0553.MOV11A,850,float64,0,0.00%,17510
mov_gsflow_inline_23_24.csv,0775.MOV11C,851,float64,0,0.00%,17510
mov_gsflow_inline_23_24.csv,0775.MOV11B,852,float64,0,0.00%,17510
mov_gsflow_inline_23_24.csv,0908.V12MD,853,float64,0,0.00%,17510
mov_gsflow_inline_23_24.csv,0134.MOV11C,854,float64,0,0.00%,17510
mov_gsflow_inline_23_24.csv,0793.MOV11A,855,float64,0,0.00%,17510
mov_gsflow_inline_23_24.csv,0451.MOV11B,856,float64,0,0.00%,17510
mov_gsflow_inline_23_24.csv,0343.MOV11A,857,float64,0,0.00%,17510
mov_gsflow_inline_23_24.csv,0640.MOV11A,858,float64,0,0.00%,17510
mov_gsflow_inline_23_24.csv,0306.MOV11B,859,float64,0,0.00%,17510
mov_gsflow_inline_23_24.csv,0103.MOV21A,860,float64,0,0.00%,17510
mov_gsflow_inline_23_24.csv,0306.MOV11C,861,float64,0,0.00%,17510
mov_gsflow_inline_23_24.csv,0134.MOV11B,862,float64,0,0.00%,17510
mov_gsflow_inline_23_24.csv,0553.MOV11B,863,float64,0,0.00%,17510
mov_gsflow_inline_23_24.csv,0652.MOV11A,864,float64,0,0.00%,17510
mov_gsflow_inline_23_24.csv,0417.MOV11C,865,float64,0,0.00%,17510
mov_gsflow_inline_23_24.csv,0641.MOV11A,866,float64,0,0.00%,17510
mov_gsflow_inline_23_24.csv,total_valve_state,867,object,0,0.00%,17510
mov_gsflow_inline_23_24.csv,valve_state_index,868,int64,0,0.00%,17510
mov_gsflow_inline_23_24.csv,0103FQ61AC,869,float64,0,0.00%,17510
mov_gsflow_inline_23_24.csv,0103FQ61DC,870,float64,0,0.00%,17510
mov_gsflow_inline_23_24.csv,0105FQ61AC,871,float64,0,0.00%,17510
mov_gsflow_inline_23_24.csv,0105FQ61EC,872,float64,0,0.00%,17510
mov_gsflow_inline_23_24.csv,0107FQ61AC,873,float64,0,0.00%,17510
mov_gsflow_inline_23_24.csv,0109FQ61AC,874,float64,0,0.00%,17510
mov_gsflow_inline_23_24.csv,0110FQ61AC,875,float64,0,0.00%,17510
mov_gsflow_inline_23_24.csv,0112FQ61AC,876,float64,0,0.00%,17510
mov_gsflow_inline_23_24.csv,0112FQ61DOC,877,float64,0,0.00%,17510
mov_gsflow_inline_23_24.csv,0112FQ61EC,878,float64,0,0.00%,17510
mov_gsflow_inline_23_24.csv,0115FQ61AC,879,float64,0,0.00%,17510
mov_gsflow_inline_23_24.csv,0115FQ61DC,880,float64,0,0.00%,17510
mov_gsflow_inline_23_24.csv,0115FQ61OC,881,float64,0,0.00%,17510
mov_gsflow_inline_23_24.csv,0116FQ61AC,882,float64,0,0.00%,17510
mov_gsflow_inline_23_24.csv,0118FQ61AC,883,float64,0,0.00%,17510
mov_gsflow_inline_23_24.csv,0118FQ61OC,884,float64,0,0.00%,17510
mov_gsflow_inline_23_24.csv,0119FQ61AC,885,float64,0,0.00%,17510
mov_gsflow_inline_23_24.csv,0119FQ61OC,886,float64,0,0.00%,17510
mov_gsflow_inline_23_24.csv,0121FQ61AC,887,float64,0,0.00%,17510
mov_gsflow_inline_23_24.csv,0123FQ61AC,888,float64,0,0.00%,17510
mov_gsflow_inline_23_24.csv,0124FQ61AC,889,float64,0,0.00%,17510
mov_gsflow_inline_23_24.csv,0124FQ61OC,890,float64,0,0.00%,17510
mov_gsflow_inline_23_24.csv,0128FQ61AC,891,float64,0,0.00%,17510
mov_gsflow_inline_23_24.csv,0128FQ61OC,892,float64,0,0.00%,17510
mov_gsflow_inline_23_24.csv,0132FQ61OC,893,float64,0,0.00%,17510
mov_gsflow_inline_23_24.csv,0137FQ61OC,894,float64,0,0.00%,17510
mov_gsflow_inline_23_24.csv,0141FQ61OC,895,float64,0,0.00%,17510
mov_gsflow_inline_23_24.csv,0180FQ31OQC,896,float64,0,0.00%,17510
mov_gsflow_inline_23_24.csv,0199FQ05,897,float64,0,0.00%,17510
mov_gsflow_inline_23_24.csv,0201FQ61AC,898,float64,0,0.00%,17510
mov_gsflow_inline_23_24.csv,0202FQ61AC,899,float64,0,0.00%,17510
mov_gsflow_inline_23_24.csv,0203FQ61AC,900,float64,0,0.00%,17510
mov_gsflow_inline_23_24.csv,0203FQ61DC,901,float64,0,0.00%,17510
mov_gsflow_inline_23_24.csv,0204FQ61CC,902,float64,0,0.00%,17510
mov_gsflow_inline_23_24.csv,0204FQ61OC,903,float64,0,0.00%,17510
mov_gsflow_inline_23_24.csv,0209FQI61O,904,float64,0,0.00%,17510
mov_gsflow_inline_23_24.csv,0209FQI61T,905,float64,0,0.00%,17510
mov_gsflow_inline_23_24.csv,0210FQ61AC,906,float64,0,0.00%,17510
mov_gsflow_inline_23_24.csv,0210FQ61EC,907,float64,0,0.00%,17510
mov_gsflow_inline_23_24.csv,0210FQ61IC,908,float64,0,0.00%,17510
mov_gsflow_inline_23_24.csv,0211FQ61AC,909,float64,0,0.00%,17510
mov_gsflow_inline_23_24.csv,0212FQ61AC,910,float64,0,0.00%,17510
mov_gsflow_inline_23_24.csv,0213FQ61AC,911,float64,0,0.00%,17510
mov_gsflow_inline_23_24.csv,0214FQ61AC,912,float64,0,0.00%,17510
mov_gsflow_inline_23_24.csv,0214FQ61OC,913,float64,0,0.00%,17510
mov_gsflow_inline_23_24.csv,0216FQ61AC,914,float64,0,0.00%,17510
mov_gsflow_inline_23_24.csv,0221FQI61O,915,float64,0,0.00%,17510
mov_gsflow_inline_23_24.csv,0226FQ61AC,916,float64,0,0.00%,17510
mov_gsflow_inline_23_24.csv,0226FQ61OC,917,float64,0,0.00%,17510
mov_gsflow_inline_23_24.csv,0227FQ61OC,918,float64,0,0.00%,17510
mov_gsflow_inline_23_24.csv,0241FQ61OC,919,float64,0,0.00%,17510
mov_gsflow_inline_23_24.csv,0243FQ61AC,920,float64,0,0.00%,17510
mov_gsflow_inline_23_24.csv,0247FQ61AC,921,float64,0,0.00%,17510
mov_gsflow_inline_23_24.csv,0253FQ61AC,922,float64,0,0.00%,17510
mov_gsflow_inline_23_24.csv,0266FQ61OC,923,float64,0,0.00%,17510
mov_gsflow_inline_23_24.csv,0267FQ61OC,924,float64,0,0.00%,17510
mov_gsflow_inline_23_24.csv,0268FQ61OC,925,float64,0,0.00%,17510
mov_gsflow_inline_23_24.csv,0268FQ62SC,926,float64,0,0.00%,17510
mov_gsflow_inline_23_24.csv,0280FQ31OQC,927,float64,0,0.00%,17510
mov_gsflow_inline_23_24.csv,0292FQ61OC,928,float64,0,0.00%,17510
mov_gsflow_inline_23_24.csv,0299FQ04,929,float64,0,0.00%,17510
mov_gsflow_inline_23_24.csv,0302FQ61AC,930,float64,0,0.00%,17510
mov_gsflow_inline_23_24.csv,0303FQ61AC,931,float64,0,0.00%,17510
mov_gsflow_inline_23_24.csv,0303FQ61OC,932,float64,0,0.00%,17510
mov_gsflow_inline_23_24.csv,0305FQ61AC,933,float64,0,0.00%,17510
mov_gsflow_inline_23_24.csv,0305FQ61BC,934,float64,0,0.00%,17510
mov_gsflow_inline_23_24.csv,0308FQ61AC,935,float64,0,0.00%,17510
mov_gsflow_inline_23_24.csv,0309FQ61AC,936,float64,0,0.00%,17510
mov_gsflow_inline_23_24.csv,0310FQ61AC,937,float64,0,0.00%,17510
mov_gsflow_inline_23_24.csv,0311FQ61AC,938,float64,0,0.00%,17510
mov_gsflow_inline_23_24.csv,0314FQ61AC,939,float64,0,0.00%,17510
mov_gsflow_inline_23_24.csv,0318FQ61AC,940,float64,0,0.00%,17510
mov_gsflow_inline_23_24.csv,0319FQ61AC,941,float64,0,0.00%,17510
mov_gsflow_inline_23_24.csv,0328FQ61AC,942,float64,0,0.00%,17510
mov_gsflow_inline_23_24.csv,0334FQ61AC,943,float64,0,0.00%,17510
mov_gsflow_inline_23_24.csv,0338FQ61OC,944,float64,0,0.00%,17510
mov_gsflow_inline_23_24.csv,0338FQ61OS,945,float64,0,0.00%,17510
mov_gsflow_inline_23_24.csv,0403FQ61AC,946,float64,0,0.00%,17510
mov_gsflow_inline_23_24.csv,0404FQ61AC,947,float64,0,0.00%,17510
mov_gsflow_inline_23_24.csv,0405FQ61AC,948,float64,0,0.00%,17510
mov_gsflow_inline_23_24.csv,0406FQ61AC,949,float64,0,0.00%,17510
mov_gsflow_inline_23_24.csv,0408FQ61AC,950,float64,0,0.00%,17510
mov_gsflow_inline_23_24.csv,0408FQ61EC,951,float64,0,0.00%,17510
mov_gsflow_inline_23_24.csv,0410FQ61AC,952,float64,0,0.00%,17510
mov_gsflow_inline_23_24.csv,0411FQ61AC,953,float64,0,0.00%,17510
mov_gsflow_inline_23_24.csv,0414FQIM,954,float64,0,0.00%,17510
mov_gsflow_inline_23_24.csv,0415FQ61AC,955,float64,0,0.00%,17510
mov_gsflow_inline_23_24.csv,0420FQ61AC,956,float64,0,0.00%,17510
mov_gsflow_inline_23_24.csv,0424FQ61AC,957,float64,0,0.00%,17510
mov_gsflow_inline_23_24.csv,0428FQ61AC,958,float64,0,0.00%,17510
mov_gsflow_inline_23_24.csv,0428FQ61OC,959,float64,0,0.00%,17510
mov_gsflow_inline_23_24.csv,0429FQ61AC,960,float64,0,0.00%,17510
mov_gsflow_inline_23_24.csv,0431FQ61AC,961,float64,0,0.00%,17510
mov_gsflow_inline_23_24.csv,0432FQ61AC,962,float64,0,0.00%,17510
mov_gsflow_inline_23_24.csv,0435FQ61AC,963,float64,0,0.00%,17510
mov_gsflow_inline_23_24.csv,0439FQ61AC,964,float64,0,0.00%,17510
mov_gsflow_inline_23_24.csv,0442FQ61AC,965,float64,0,0.00%,17510
mov_gsflow_inline_23_24.csv,0443FQ61AC,966,float64,0,0.00%,17510
mov_gsflow_inline_23_24.csv,0446FQ61OC,967,float64,0,0.00%,17510
mov_gsflow_inline_23_24.csv,0449FQ61AC,968,float64,0,0.00%,17510
mov_gsflow_inline_23_24.csv,0460FQ61AC,969,float64,0,0.00%,17510
mov_gsflow_inline_23_24.csv,0463FQ61AC,970,float64,0,0.00%,17510
mov_gsflow_inline_23_24.csv,0469FQ61AC,971,float64,0,0.00%,17510
mov_gsflow_inline_23_24.csv,0499FIQ,972,float64,0,0.00%,17510
mov_gsflow_inline_23_24.csv,0502FQ61AC,973,float64,0,0.00%,17510
mov_gsflow_inline_23_24.csv,0502FQ61EC,974,float64,0,0.00%,17510
mov_gsflow_inline_23_24.csv,0503FQ61OC,975,float64,0,0.00%,17510
mov_gsflow_inline_23_24.csv,0504FQ61AC,976,float64,0,0.00%,17510
mov_gsflow_inline_23_24.csv,0505FQ61AC,977,float64,0,0.00%,17510
mov_gsflow_inline_23_24.csv,0506FQ61AC,978,float64,0,0.00%,17510
mov_gsflow_inline_23_24.csv,0507FQ61AC,979,float64,0,0.00%,17510
mov_gsflow_inline_23_24.csv,0508FQ61AC,980,float64,0,0.00%,17510
mov_gsflow_inline_23_24.csv,0510FQ61AC,981,float64,0,0.00%,17510
mov_gsflow_inline_23_24.csv,0515FQ61AC,982,float64,0,0.00%,17510
mov_gsflow_inline_23_24.csv,0516FQ61AC,983,float64,0,0.00%,17510
mov_gsflow_inline_23_24.csv,0516FQ61EC,984,float64,0,0.00%,17510
mov_gsflow_inline_23_24.csv,0516FQ61OC,985,float64,0,0.00%,17510
mov_gsflow_inline_23_24.csv,0518FQ61AC,986,float64,0,0.00%,17510
mov_gsflow_inline_23_24.csv,0525FQ61AC,987,float64,0,0.00%,17510
mov_gsflow_inline_23_24.csv,0526FQ61AC,988,float64,0,0.00%,17510
mov_gsflow_inline_23_24.csv,0526FQ61BC,989,float64,0,0.00%,17510
mov_gsflow_inline_23_24.csv,0527FQ61AC,990,float64,0,0.00%,17510
mov_gsflow_inline_23_24.csv,0528FQ61AC,991,float64,0,0.00%,17510
mov_gsflow_inline_23_24.csv,0530FQ61AC,992,float64,0,0.00%,17510
mov_gsflow_inline_23_24.csv,0534FQ61AC,993,float64,0,0.00%,17510
mov_gsflow_inline_23_24.csv,0535FQ61AC,994,float64,0,0.00%,17510
mov_gsflow_inline_23_24.csv,0538FQ61AC,995,float64,0,0.00%,17510
mov_gsflow_inline_23_24.csv,0549FQ61AC,996,float64,0,0.00%,17510
mov_gsflow_inline_23_24.csv,0551FQ61AC,997,float64,0,0.00%,17510
mov_gsflow_inline_23_24.csv,0581FQ101M,998,float64,0,0.00%,17510
mov_gsflow_inline_23_24.csv,0601FQ61MC,999,float64,0,0.00%,17510
mov_gsflow_inline_23_24.csv,0602FQ61MC,1000,float64,0,0.00%,17510
mov_gsflow_inline_23_24.csv,0603FQ61MC,1001,float64,0,0.00%,17510
mov_gsflow_inline_23_24.csv,0603FQ61ZC,1002,float64,0,0.00%,17510
mov_gsflow_inline_23_24.csv,0604FQ61MC,1003,float64,0,0.00%,17510
mov_gsflow_inline_23_24.csv,0605FQ61LC,1004,float64,0,0.00%,17510
mov_gsflow_inline_23_24.csv,0605FQ61MC,1005,float64,0,0.00%,17510
mov_gsflow_inline_23_24.csv,0607FQ61MC,1006,float64,0,0.00%,17510
mov_gsflow_inline_23_24.csv,0608FQ61MC,1007,float64,0,0.00%,17510
mov_gsflow_inline_23_24.csv,0608FQ61ZC,1008,float64,0,0.00%,17510
mov_gsflow_inline_23_24.csv,0610FQ61LC,1009,float64,0,0.00%,17510
mov_gsflow_inline_23_24.csv,0610FQ61MC,1010,float64,0,0.00%,17510
mov_gsflow_inline_23_24.csv,0611FQ61AC,1011,float64,0,0.00%,17510
mov_gsflow_inline_23_24.csv,0612FQ61MC,1012,float64,0,0.00%,17510
mov_gsflow_inline_23_24.csv,0617FQ61MC,1013,float64,0,0.00%,17510
mov_gsflow_inline_23_24.csv,0620FQ61AC,1014,float64,0,0.00%,17510
mov_gsflow_inline_23_24.csv,0621FQ61AC,1015,float64,0,0.00%,17510
mov_gsflow_inline_23_24.csv,0623FQ61AC,1016,float64,0,0.00%,17510
mov_gsflow_inline_23_24.csv,0626FQ61AC,1017,float64,0,0.00%,17510
mov_gsflow_inline_23_24.csv,0628FQ61AC,1018,float64,0,0.00%,17510
mov_gsflow_inline_23_24.csv,0632FQ61AC,1019,float64,0,0.00%,17510
mov_gsflow_inline_23_24.csv,0632FQ61ZC,1020,float64,0,0.00%,17510
mov_gsflow_inline_23_24.csv,0637FQ61AC,1021,float64,0,0.00%,17510
mov_gsflow_inline_23_24.csv,0642FQ61AC,1022,float64,0,0.00%,17510
mov_gsflow_inline_23_24.csv,0643FQ61AC,1023,float64,0,0.00%,17510
mov_gsflow_inline_23_24.csv,0645FQ61OC,1024,float64,0,0.00%,17510
mov_gsflow_inline_23_24.csv,0655FQ61AC,1025,float64,0,0.00%,17510
mov_gsflow_inline_23_24.csv,0656FQ61AC,1026,float64,0,0.00%,17510
mov_gsflow_inline_23_24.csv,0711FQ61AC,1027,float64,0,0.00%,17510
mov_gsflow_inline_23_24.csv,0713FQ61AC,1028,float64,0,0.00%,17510
mov_gsflow_inline_23_24.csv,0714FQ61AC,1029,float64,0,0.00%,17510
mov_gsflow_inline_23_24.csv,0717FQ61AC,1030,float64,0,0.00%,17510
mov_gsflow_inline_23_24.csv,0719FQ61AC,1031,float64,0,0.00%,17510
mov_gsflow_inline_23_24.csv,0720FQ61OC,1032,float64,0,0.00%,17510
mov_gsflow_inline_23_24.csv,0733FQ61AC,1033,float64,0,0.00%,17510
mov_gsflow_inline_23_24.csv,0736FQ61AC,1034,float64,0,0.00%,17510
mov_gsflow_inline_23_24.csv,0738FQ61AC,1035,float64,0,0.00%,17510
mov_gsflow_inline_23_24.csv,0743FQ61AC,1036,float64,0,0.00%,17510
mov_gsflow_inline_23_24.csv,0743FQ61OC,1037,float64,0,0.00%,17510
mov_gsflow_inline_23_24.csv,0748FQ61AC,1038,float64,0,0.00%,17510
mov_gsflow_inline_23_24.csv,0762FQ500C,1039,float64,0,0.00%,17510
mov_gsflow_inline_23_24.csv,0762FQ61AC,1040,float64,0,0.00%,17510
mov_gsflow_inline_23_24.csv,0769FQ61AC,1041,float64,0,0.00%,17510
mov_gsflow_inline_23_24.csv,0771FQ61AC,1042,float64,0,0.00%,17510
mov_gsflow_inline_23_24.csv,0777FQ61AC,1043,float64,0,0.00%,17510
mov_gsflow_inline_23_24.csv,0781FQ61AC,1044,float64,0,0.00%,17510
mov_gsflow_inline_23_24.csv,0791FQ61AC,1045,float64,0,0.00%,17510
mov_gsflow_inline_23_24.csv,0797FQ61AC,1046,float64,0,0.00%,17510
mov_gsflow_inline_23_24.csv,0801FQ61AC,1047,float64,0,0.00%,17510
mov_gsflow_inline_23_24.csv,0801FQ61OC,1048,float64,0,0.00%,17510
mov_gsflow_inline_23_24.csv,0801FQ61TC,1049,float64,0,0.00%,17510
mov_gsflow_inline_23_24.csv,0803FQ61AC,1050,float64,0,0.00%,17510
mov_gsflow_inline_23_24.csv,0805FQ61AC,1051,float64,0,0.00%,17510
mov_gsflow_inline_23_24.csv,0807FQ61OC,1052,float64,0,0.00%,17510
mov_gsflow_inline_23_24.csv,0808FQ61AC,1053,float64,0,0.00%,17510
mov_gsflow_inline_23_24.csv,0811FQ61AC,1054,float64,0,0.00%,17510
mov_gsflow_inline_23_24.csv,0812FQ61AC,1055,float64,0,0.00%,17510
mov_gsflow_inline_23_24.csv,0812FQ61OC,1056,float64,0,0.00%,17510
mov_gsflow_inline_23_24.csv,0814FQ61AC,1057,float64,0,0.00%,17510
mov_gsflow_inline_23_24.csv,0815FQ61AC,1058,float64,0,0.00%,17510
mov_gsflow_inline_23_24.csv,0817FQ61AC,1059,float64,0,0.00%,17510
mov_gsflow_inline_23_24.csv,0817FQ61EC,1060,float64,0,0.00%,17510
mov_gsflow_inline_23_24.csv,0819FQ61AC,1061,float64,0,0.00%,17510
mov_gsflow_inline_23_24.csv,0821FQ61AC,1062,float64,0,0.00%,17510
mov_gsflow_inline_23_24.csv,0827FQ61AC,1063,float64,0,0.00%,17510
mov_gsflow_inline_23_24.csv,0832FQ61AC,1064,float64,0,0.00%,17510
mov_gsflow_inline_23_24.csv,0881FQ61OQC,1065,float64,0,0.00%,17510
mov_gsflow_inline_23_24.csv,0903FQ61AC,1066,float64,0,0.00%,17510
mov_gsflow_inline_23_24.csv,0904FQ61OC,1067,float64,0,0.00%,17510
mov_gsflow_inline_23_24.csv,0904FQ62OC,1068,float64,0,0.00%,17510
mov_gsflow_inline_23_24.csv,0904FQ63AS,1069,float64,0,0.00%,17510
mov_gsflow_inline_23_24.csv,0904FQ63OC,1070,float64,0,0.00%,17510
mov_gsflow_inline_23_24.csv,0904FQ64OC,1071,float64,0,0.00%,17510
mov_gsflow_inline_23_24.csv,0905FQ61AC,1072,float64,0,0.00%,17510
mov_gsflow_inline_23_24.csv,0905FQ61FC,1073,float64,0,0.00%,17510
mov_gsflow_inline_23_24.csv,0906FQ61AC,1074,float64,0,0.00%,17510
mov_gsflow_inline_23_24.csv,0906FQ61DC,1075,float64,0,0.00%,17510
mov_gsflow_inline_23_24.csv,0907FQ61AC,1076,float64,0,0.00%,17510
mov_gsflow_inline_23_24.csv,0908FQ61AC,1077,float64,0,0.00%,17510
mov_gsflow_inline_23_24.csv,0909FQ61AC,1078,float64,0,0.00%,17510
mov_gsflow_inline_23_24.csv,0909FQ61OC,1079,float64,0,0.00%,17510
mov_gsflow_inline_23_24.csv,0913FQ61OC,1080,float64,0,0.00%,17510
mov_gsflow_inline_23_24.csv,0914FQ61OC,1081,float64,0,0.00%,17510
mov_gsflow_inline_23_24.csv,0914FQ61TC,1082,float64,0,0.00%,17510
mov_gsflow_inline_23_24.csv,0915FQ61AC,1083,float64,0,0.00%,17510
mov_gsflow_inline_23_24.csv,0915FQ61OC,1084,float64,0,0.00%,17510
mov_gsflow_inline_23_24.csv,0916FQ61AC,1085,float64,0,0.00%,17510
mov_gsflow_inline_23_24.csv,0916FQ61EC,1086,float64,0,0.00%,17510
mov_gsflow_inline_23_24.csv,0993FQI61O,1087,float64,0,0.00%,17510
mov_gsflow_inline_23_24.csv,2100FQI266,1088,float64,0,0.00%,17510
mov_gsflow_inline_23_24.csv,9999FQ01,1089,float64,0,0.00%,17510
mov_gsflow_inline_23_24.csv,9999FQ05,1090,float64,0,0.00%,17510
mov_gsflow_inline_23_24.csv,9999FQ06,1091,float64,0,0.00%,17510
mov_gsflow_inline_23_24.csv,9999FQ07,1092,float64,0,0.00%,17510
mov_gsflow_inline_23_24.csv,9999FQ08,1093,float64,0,0.00%,17510
mov_gsflow_inline_23_24.csv,9999FQ09,1094,float64,0,0.00%,17510
mov_gsflow_inline_23_24.csv,9999FQ10,1095,float64,0,0.00%,17510
mov_gsflow_inline_23_24.csv,9999FQ11,1096,float64,0,0.00%,17510
mov_gsflow_inline_23_24.csv,sum_supply,1097,float64,0,0.00%,17510
mov_gsflow_inline_23_24.csv,PT1_P,1098,float64,0,0.00%,17510
mov_gsflow_inline_23_24.csv,PT2_P,1099,float64,0,0.00%,17510
mov_gsflow_inline_23_24.csv,IC_P,1100,float64,0,0.00%,17510
mov_gsflow_inline_23_24.csv,TY_P,1101,float64,0,0.00%,17510
mov_gsflow_inline_23_24.csv,SC_P,1102,float64,0,0.00%,17510
mov_gsflow_inline_23_24.csv,BR_P,1103,float64,0,0.00%,17510
mov_gsflow_inline_23_24.csv,GY_P,1104,float64,0,0.00%,17510
mov_gsflow_inline_23_24.csv,PT1_F,1105,float64,0,0.00%,17510
mov_gsflow_inline_23_24.csv,PT2_F,1106,float64,0,0.00%,17510
mov_gsflow_inline_23_24.csv,IC_F,1107,float64,0,0.00%,17510
mov_gsflow_inline_23_24.csv,TY_F,1108,float64,0,0.00%,17510
mov_gsflow_inline_23_24.csv,SC_F,1109,float64,0,0.00%,17510
mov_gsflow_inline_23_24.csv,DH_F,1110,float64,0,0.00%,17510
mov_gsflow_inline_23_24.csv,GY_F,1111,float64,0,0.00%,17510
mov_gsflow_inline_23_24.csv,BR_F,1112,float64,0,0.00%,17510
mov_gsflow_inline_23_24.csv,sum_output,1113,float64,0,0.00%,17510
mov_gsflow_inline_23_24.csv,line_pack,1114,float64,0,0.00%,17510
